enc,codigo,cliente,descricao,quantidadeProducao,quantidadePicada,qrCode
ENC-A-2251910,A19AR0000831789A,AGRUPAMENTO DE ESCOLAS 4 DE OUTUBRO,Armário Suspenso c/Portas Correr 100x45x80cm - (Me)Branco/R9016,10,,
ENC-A-2251910,A10ATB1616S0A77A,AGRUPAMENTO DE ESCOLAS 4 DE OUTUBRO,"Balcão Atlantic ""U4"" Alonga + Alçado 160x160x74-110cm - (Me)Cinza Claro/R7021",1,,
ENC-A-2251910,A10LBTBC10S1BQ8A,AGRUPAMENTO DE ESCOLAS 4 DE OUTUBRO,Bancada Central Indep.150x150x90cm - (Fe)Branco/(Me)Branco/R7021,4,,
ENC-A-2251910,A19ZZ0000061429A,AGRUPAMENTO DE ESCOLAS 4 DE OUTUBRO,Carro Transporte 93.4x47.5x98cm - Inox,5,,
ENC-A-2251910,A10HT12000S0662A,AGRUPAMENTO DE ESCOLAS 4 DE OUTUBRO,Mesa c/Tampo Rebatível c/Rodas 20x80x74cm - (Me)Branco/R7021,6,,
ENC-A-2251910,A10LBTMG04S1319A,AGRUPAMENTO DE ESCOLAS 4 DE OUTUBRO,Módulo Inferior Rodado 4G 60x47x80cm - (Me)Branco,30,,
ENC-A-2251910,A10LBTMG04S1319A,AGRUPAMENTO DE ESCOLAS 4 DE OUTUBRO,Módulo Inferior Rodado 4G 60x47x80cm - (Me)Branco,10,,
ENC-A-2251910,A19BA0000184319A,AGRUPAMENTO DE ESCOLAS 4 DE OUTUBRO,Módulo Inferior Rodado c/ 1 Porta 60x47x80cm - (Me)Branco,30,,
ENC-A-2251910,A10ERSVG50S0V38A,AGRUPAMENTO DE ESCOLAS 4 DE OUTUBRO,Viga 5 Lugares ERGOS SHELL 243x51x81cm - (P)406/R7021,4,,
ENC-A-2260009,A10ERGOS02S0R24A,MUNICIPIO DE CHAMUSCA,Cadeira ERGOS 02 - 30x36x31cm - (P)2169C,5,,
ENC-A-2260009,A10ERGOS02S0R24A,MUNICIPIO DE CHAMUSCA,Cadeira ERGOS 02 - 30x36x31cm - (P)2169C,2,,
ENC-A-2260009,A10ERGOS02S0R24A,MUNICIPIO DE CHAMUSCA,Cadeira ERGOS 02 - 30x36x31cm - (P)2169C,2,,
ENC-A-2260009,A10ERGOS02S0R24A,MUNICIPIO DE CHAMUSCA,Cadeira ERGOS 02 - 30x36x31cm - (P)2169C,2,,
ENC-A-2260009,A10ERGOS02S0Q48A,MUNICIPIO DE CHAMUSCA,Cadeira ERGOS 02 - 30x36x31cm - (P)406,4,,
ENC-A-2260009,A10ERGOS02S0Q48A,MUNICIPIO DE CHAMUSCA,Cadeira ERGOS 02 - 30x36x31cm - (P)406,1,,
ENC-A-2260009,A10ERGOS02S0Q48A,MUNICIPIO DE CHAMUSCA,Cadeira ERGOS 02 - 30x36x31cm - (P)406,2,,
ENC-A-2260009,A10ERGOS02S0Q47A,MUNICIPIO DE CHAMUSCA,Cadeira ERGOS 02 - 30x36x31cm - (P)623,5,,
ENC-A-2260009,A10ERGOS02S0Q47A,MUNICIPIO DE CHAMUSCA,Cadeira ERGOS 02 - 30x36x31cm - (P)623,2,,
ENC-A-2260009,A10ERGOS02S0Q47A,MUNICIPIO DE CHAMUSCA,Cadeira ERGOS 02 - 30x36x31cm - (P)623,2,,
ENC-A-2260009,A10ERGOS02S0Q47A,MUNICIPIO DE CHAMUSCA,Cadeira ERGOS 02 - 30x36x31cm - (P)623,2,,
ENC-A-2260009,A10ERGOS02S0R23A,MUNICIPIO DE CHAMUSCA,Cadeira ERGOS 02 - 30x36x31cm - (P)692,4,,
ENC-A-2260009,A10ERGOS02S0R23A,MUNICIPIO DE CHAMUSCA,Cadeira ERGOS 02 - 30x36x31cm - (P)692,1,,
ENC-A-2260009,A10ERGOS02S0R23A,MUNICIPIO DE CHAMUSCA,Cadeira ERGOS 02 - 30x36x31cm - (P)692,1,,
ENC-A-2260009,A10ERGOS02S0R23A,MUNICIPIO DE CHAMUSCA,Cadeira ERGOS 02 - 30x36x31cm - (P)692,2,,
ENC-A-2260009,A10ERGOS03SNQ48A,MUNICIPIO DE CHAMUSCA,Cadeira ERGOS 03 - 42x39.5x35cm - (P)406,7,,
ENC-A-2260009,A10ERGOS03SNQ48A,MUNICIPIO DE CHAMUSCA,Cadeira ERGOS 03 - 42x39.5x35cm - (P)406,2,,
ENC-A-2260009,A10ERGOS03SNQ48A,MUNICIPIO DE CHAMUSCA,Cadeira ERGOS 03 - 42x39.5x35cm - (P)406,3,,
ENC-A-2260009,A10ERGOS03SNQ48A,MUNICIPIO DE CHAMUSCA,Cadeira ERGOS 03 - 42x39.5x35cm - (P)406,4,,
ENC-A-2260009,A10ERGOS03SNQ48A,MUNICIPIO DE CHAMUSCA,Cadeira ERGOS 03 - 42x39.5x35cm - (P)406,3,,
ENC-A-2260009,A10ERGOS03SNQ48A,MUNICIPIO DE CHAMUSCA,Cadeira ERGOS 03 - 42x39.5x35cm - (P)406,4,,
ENC-A-2260009,A10ERGOS03SNQ48A,MUNICIPIO DE CHAMUSCA,Cadeira ERGOS 03 - 42x39.5x35cm - (P)406,5,,
ENC-A-2260009,A10ERGOS03SNR24A,MUNICIPIO DE CHAMUSCA,Cadeira ERGOS 03 42x39.5x35cm - (P)2169C,7,,
ENC-A-2260009,A10ERGOS03SNR24A,MUNICIPIO DE CHAMUSCA,Cadeira ERGOS 03 42x39.5x35cm - (P)2169C,3,,
ENC-A-2260009,A10ERGOS03SNR24A,MUNICIPIO DE CHAMUSCA,Cadeira ERGOS 03 42x39.5x35cm - (P)2169C,1,,
ENC-A-2260009,A10ERGOS03SNR24A,MUNICIPIO DE CHAMUSCA,Cadeira ERGOS 03 42x39.5x35cm - (P)2169C,5,,
ENC-A-2260009,A10ERGOS03SNR24A,MUNICIPIO DE CHAMUSCA,Cadeira ERGOS 03 42x39.5x35cm - (P)2169C,6,,
ENC-A-2260009,A10ERGOS03SNR24A,MUNICIPIO DE CHAMUSCA,Cadeira ERGOS 03 42x39.5x35cm - (P)2169C,3,,
ENC-A-2260009,A10ERGOS03SNR24A,MUNICIPIO DE CHAMUSCA,Cadeira ERGOS 03 42x39.5x35cm - (P)2169C,4,,
ENC-A-2260009,A10ERGOS03SNR24A,MUNICIPIO DE CHAMUSCA,Cadeira ERGOS 03 42x39.5x35cm - (P)2169C,4,,
ENC-A-2260009,A10ERGOS03SNR24A,MUNICIPIO DE CHAMUSCA,Cadeira ERGOS 03 42x39.5x35cm - (P)2169C,6,,
ENC-A-2260009,A10ERGOS03SNR24A,MUNICIPIO DE CHAMUSCA,Cadeira ERGOS 03 42x39.5x35cm - (P)2169C,3,,
ENC-A-2260009,A10ERGOS03SNQ48A,MUNICIPIO DE CHAMUSCA,Cadeira ERGOS 03 42x39.5x35cm - (P)406,6,,
ENC-A-2260009,A10ERGOS03SNQ48A,MUNICIPIO DE CHAMUSCA,Cadeira ERGOS 03 42x39.5x35cm - (P)406,4,,
ENC-A-2260009,A10ERGOS03SNQ47A,MUNICIPIO DE CHAMUSCA,Cadeira ERGOS 03 42x39.5x35cm - (P)623,7,,
ENC-A-2260009,A10ERGOS03SNQ47A,MUNICIPIO DE CHAMUSCA,Cadeira ERGOS 03 42x39.5x35cm - (P)623,3,,
ENC-A-2260009,A10ERGOS03SNQ47A,MUNICIPIO DE CHAMUSCA,Cadeira ERGOS 03 42x39.5x35cm - (P)623,1,,
ENC-A-2260009,A10ERGOS03SNQ47A,MUNICIPIO DE CHAMUSCA,Cadeira ERGOS 03 42x39.5x35cm - (P)623,5,,
ENC-A-2260009,A10ERGOS03SNQ47A,MUNICIPIO DE CHAMUSCA,Cadeira ERGOS 03 42x39.5x35cm - (P)623,6,,
ENC-A-2260009,A10ERGOS03SNQ47A,MUNICIPIO DE CHAMUSCA,Cadeira ERGOS 03 42x39.5x35cm - (P)623,3,,
ENC-A-2260009,A10ERGOS03SNQ47A,MUNICIPIO DE CHAMUSCA,Cadeira ERGOS 03 42x39.5x35cm - (P)623,4,,
ENC-A-2260009,A10ERGOS03SNQ47A,MUNICIPIO DE CHAMUSCA,Cadeira ERGOS 03 42x39.5x35cm - (P)623,3,,
ENC-A-2260009,A10ERGOS03SNQ47A,MUNICIPIO DE CHAMUSCA,Cadeira ERGOS 03 42x39.5x35cm - (P)623,4,,
ENC-A-2260009,A10ERGOS03SNQ47A,MUNICIPIO DE CHAMUSCA,Cadeira ERGOS 03 42x39.5x35cm - (P)623,6,,
ENC-A-2260009,A10ERGOS03SNR23A,MUNICIPIO DE CHAMUSCA,Cadeira ERGOS 03 42x39.5x35cm - (P)692,7,,
ENC-A-2260009,A10ERGOS03SNR23A,MUNICIPIO DE CHAMUSCA,Cadeira ERGOS 03 42x39.5x35cm - (P)692,2,,
ENC-A-2260009,A10ERGOS03SNR23A,MUNICIPIO DE CHAMUSCA,Cadeira ERGOS 03 42x39.5x35cm - (P)692,4,,
ENC-A-2260009,A10ERGOS03SNR23A,MUNICIPIO DE CHAMUSCA,Cadeira ERGOS 03 42x39.5x35cm - (P)692,6,,
ENC-A-2260009,A10ERGOS03SNR23A,MUNICIPIO DE CHAMUSCA,Cadeira ERGOS 03 42x39.5x35cm - (P)692,3,,
ENC-A-2260009,A10ERGOS03SNR23A,MUNICIPIO DE CHAMUSCA,Cadeira ERGOS 03 42x39.5x35cm - (P)692,4,,
ENC-A-2260009,A10ERGOS03SNR23A,MUNICIPIO DE CHAMUSCA,Cadeira ERGOS 03 42x39.5x35cm - (P)692,3,,
ENC-A-2260009,A10ERGOS03SNR23A,MUNICIPIO DE CHAMUSCA,Cadeira ERGOS 03 42x39.5x35cm - (P)692,3,,
ENC-A-2260009,A10ERGOS03SNR23A,MUNICIPIO DE CHAMUSCA,Cadeira ERGOS 03 42x39.5x35cm - (P)692,5,,
ENC-A-2260009,A10ERGOS04SNR24A,MUNICIPIO DE CHAMUSCA,Cadeira ERGOS 04 - 42.5x41x38cm - (P)2169C,8,,
ENC-A-2260009,A10ERGOS04SNR24A,MUNICIPIO DE CHAMUSCA,Cadeira ERGOS 04 - 42.5x41x38cm - (P)2169C,8,,
ENC-A-2260009,A10ERGOS04SNR24A,MUNICIPIO DE CHAMUSCA,Cadeira ERGOS 04 - 42.5x41x38cm - (P)2169C,7,,
ENC-A-2260009,A10ERGOS04SNR24A,MUNICIPIO DE CHAMUSCA,Cadeira ERGOS 04 - 42.5x41x38cm - (P)2169C,3,,
ENC-A-2260009,A10ERGOS04SNR24A,MUNICIPIO DE CHAMUSCA,Cadeira ERGOS 04 - 42.5x41x38cm - (P)2169C,3,,
ENC-A-2260009,A10ERGOS04SNR24A,MUNICIPIO DE CHAMUSCA,Cadeira ERGOS 04 - 42.5x41x38cm - (P)2169C,3,,
ENC-A-2260009,A10ERGOS04SNQ48A,MUNICIPIO DE CHAMUSCA,Cadeira ERGOS 04 - 42.5x41x38cm - (P)406,7,,
ENC-A-2260009,A10ERGOS04SNQ48A,MUNICIPIO DE CHAMUSCA,Cadeira ERGOS 04 - 42.5x41x38cm - (P)406,7,,
ENC-A-2260009,A10ERGOS04SNQ48A,MUNICIPIO DE CHAMUSCA,Cadeira ERGOS 04 - 42.5x41x38cm - (P)406,7,,
ENC-A-2260009,A10ERGOS04SNQ48A,MUNICIPIO DE CHAMUSCA,Cadeira ERGOS 04 - 42.5x41x38cm - (P)406,3,,
ENC-A-2260009,A10ERGOS04SNQ48A,MUNICIPIO DE CHAMUSCA,Cadeira ERGOS 04 - 42.5x41x38cm - (P)406,3,,
ENC-A-2260009,A10ERGOS04SNQ48A,MUNICIPIO DE CHAMUSCA,Cadeira ERGOS 04 - 42.5x41x38cm - (P)406,4,,
ENC-A-2260009,A10ERGOS04SNQ48A,MUNICIPIO DE CHAMUSCA,Cadeira ERGOS 04 - 42.5x41x38cm - (P)406,3,,
ENC-A-2260009,A10ERGOS04SNQ47A,MUNICIPIO DE CHAMUSCA,Cadeira ERGOS 04 - 42.5x41x38cm - (P)623,8,,
ENC-A-2260009,A10ERGOS04SNQ47A,MUNICIPIO DE CHAMUSCA,Cadeira ERGOS 04 - 42.5x41x38cm - (P)623,8,,
ENC-A-2260009,A10ERGOS04SNQ47A,MUNICIPIO DE CHAMUSCA,Cadeira ERGOS 04 - 42.5x41x38cm - (P)623,7,,
ENC-A-2260009,A10ERGOS04SNQ47A,MUNICIPIO DE CHAMUSCA,Cadeira ERGOS 04 - 42.5x41x38cm - (P)623,3,,
ENC-A-2260009,A10ERGOS04SNQ47A,MUNICIPIO DE CHAMUSCA,Cadeira ERGOS 04 - 42.5x41x38cm - (P)623,3,,
ENC-A-2260009,A10ERGOS04SNQ47A,MUNICIPIO DE CHAMUSCA,Cadeira ERGOS 04 - 42.5x41x38cm - (P)623,3,,
ENC-A-2260009,A10ERGOS04SNR23A,MUNICIPIO DE CHAMUSCA,Cadeira ERGOS 04 - 42.5x41x38cm - (P)692,7,,
ENC-A-2260009,A10ERGOS04SN120A,MUNICIPIO DE CHAMUSCA,Cadeira ERGOS 04 42.5x41x38cm - (P)166,4,,
ENC-A-2260009,A10ERGOS04SNR23A,MUNICIPIO DE CHAMUSCA,Cadeira ERGOS 04 42.5x41x38cm - (P)692,7,,
ENC-A-2260009,A10ERGOS04SNR23A,MUNICIPIO DE CHAMUSCA,Cadeira ERGOS 04 42.5x41x38cm - (P)692,3,,
ENC-A-2260009,A10ERGOS04SNR23A,MUNICIPIO DE CHAMUSCA,Cadeira ERGOS 04 42.5x41x38cm - (P)692,3,,
ENC-A-2260009,A10ERGOS04SNR23A,MUNICIPIO DE CHAMUSCA,Cadeira ERGOS 04 42.5x41x38cm - (P)692,7,,
ENC-A-2260009,A10ERGOS04SNR23A,MUNICIPIO DE CHAMUSCA,Cadeira ERGOS 04 42.5x41x38cm - (P)692,3,,
ENC-A-2260009,A10ERGOS06S0H67A,MUNICIPIO DE CHAMUSCA,Cadeira ERGOS 06 - 50x50x46cm - (Ps)Furacão/(P)427,6,,
ENC-A-2260009,A10ERGOS06S0H67A,MUNICIPIO DE CHAMUSCA,Cadeira ERGOS 06 - 50x50x46cm - (Ps)Furacão/(P)427,1,,
ENC-A-2260009,A10ERGOS06S0H67A,MUNICIPIO DE CHAMUSCA,Cadeira ERGOS 06 - 50x50x46cm - (Ps)Furacão/(P)427,2,,
ENC-A-2260009,A10ERGOS06S0H67A,MUNICIPIO DE CHAMUSCA,Cadeira ERGOS 06 - 50x50x46cm - (Ps)Furacão/(P)427,1,,
ENC-A-2260009,A10ERGOS06S0H67A,MUNICIPIO DE CHAMUSCA,Cadeira ERGOS 06 - 50x50x46cm - (Ps)Furacão/(P)427,2,,
ENC-A-2260009,A10ERGOS06S0H67A,MUNICIPIO DE CHAMUSCA,Cadeira ERGOS 06 - 50x50x46cm - (Ps)Furacão/(P)427,1,,
ENC-A-2260009,A10ERGOS06S0H67A,MUNICIPIO DE CHAMUSCA,Cadeira ERGOS 06 - 50x50x46cm - (Ps)Furacão/(P)427,2,,
ENC-A-2260009,A10ERGOS06S0H67A,MUNICIPIO DE CHAMUSCA,Cadeira ERGOS 06 - 50x50x46cm - (Ps)Furacão/(P)427,1,,
ENC-A-2260009,A10ERGOS06S0H67A,MUNICIPIO DE CHAMUSCA,Cadeira ERGOS 06 - 50x50x46cm - (Ps)Furacão/(P)427,1,,
ENC-A-2260009,A10ERGOS06S0H67A,MUNICIPIO DE CHAMUSCA,Cadeira ERGOS 06 - 50x50x46cm - (Ps)Furacão/(P)427,4,,
ENC-A-2260009,A10ERGOS06S0H67A,MUNICIPIO DE CHAMUSCA,Cadeira ERGOS 06 - 50x50x46cm - (Ps)Furacão/(P)427,6,,
ENC-A-2260009,A10Q3FB030S1W20A,MUNICIPIO DE CHAMUSCA,Mesa Dupla EDGE 120x60x59cm s/Acessórios (TE Nivelador) - T130/R7035/(P)427,8,,
ENC-A-2260009,A10Q3FB030S1W20A,MUNICIPIO DE CHAMUSCA,Mesa Dupla EDGE 120x60x59cm s/Acessórios (TE Nivelador) - T130/R7035/(P)427,6,,
ENC-A-2260009,A10Q3FB030S1W20A,MUNICIPIO DE CHAMUSCA,Mesa Dupla EDGE 120x60x59cm s/Acessórios (TE Nivelador) - T130/R7035/(P)427,5,,
ENC-A-2260009,A10Q3FB030S1W20A,MUNICIPIO DE CHAMUSCA,Mesa Dupla EDGE 120x60x59cm s/Acessórios (TE Nivelador) - T130/R7035/(P)427,6,,
ENC-A-2260009,A10Q3FB04074W20A,MUNICIPIO DE CHAMUSCA,Mesa Dupla EDGE s/Acessórios (TE c/ 1 Niv.) 120x60x64cm - T130/R7035/(P)427,4,,
ENC-A-2260009,A10Q3FB04074W20A,MUNICIPIO DE CHAMUSCA,Mesa Dupla EDGE s/Acessórios (TE c/ 1 Niv.) 120x60x64cm - T130/R7035/(P)427,4,,
ENC-A-2260009,A10Q3FB04074W20A,MUNICIPIO DE CHAMUSCA,Mesa Dupla EDGE s/Acessórios (TE c/ 1 Niv.) 120x60x64cm - T130/R7035/(P)427,10,,
ENC-A-2260009,A10Q3FB02014W20A,MUNICIPIO DE CHAMUSCA,Mesa Dupla Edge s/Acessórios 120x60x53cm (TE + Nivelador) - T130/R7035/(P)427,16,,
ENC-A-2260009,A10Q3FB02014W20A,MUNICIPIO DE CHAMUSCA,Mesa Dupla Edge s/Acessórios 120x60x53cm (TE + Nivelador) - T130/R7035/(P)427,1,,
ENC-A-2260009,A10Q3FB02014W20A,MUNICIPIO DE CHAMUSCA,Mesa Dupla Edge s/Acessórios 120x60x53cm (TE + Nivelador) - T130/R7035/(P)427,4,,
ENC-A-2260009,A10Q3FB02014W20A,MUNICIPIO DE CHAMUSCA,Mesa Dupla Edge s/Acessórios 120x60x53cm (TE + Nivelador) - T130/R7035/(P)427,8,,
ENC-A-2260009,A10Q3FA040STW20A,MUNICIPIO DE CHAMUSCA,Mesa Individual EDGE 75x60x64cm (TE.N) - T130/R7035/(P)427,26,,
ENC-A-2260009,A10Q3FA040STW20A,MUNICIPIO DE CHAMUSCA,Mesa Individual EDGE 75x60x64cm (TE.N) - T130/R7035/(P)427,24,,
ENC-A-2260009,A10Q3FA040STW20A,MUNICIPIO DE CHAMUSCA,Mesa Individual EDGE 75x60x64cm (TE.N) - T130/R7035/(P)427,24,,
ENC-A-2260009,A10Q3FA02E02W20A,MUNICIPIO DE CHAMUSCA,Mesa Individual Edge s/Acess.(TE.N) 75x60x53cm-T130/R7035/(P)427 (PROD/NÃO FAT),5,,
ENC-A-2260009,A10ERMI010S0R80A,MUNICIPIO DE CHAMUSCA,Mesa Individual ERGOS 75x60x47cm - (P)000/(P)2169C (FORNECER/ NÃO FATURAR),1,,
ENC-A-2260009,A10Q33206032W20A,MUNICIPIO DE CHAMUSCA,Mesa Professor EDGE s/Acess. 120x60x76cm (TE c/Nivelador) - T130/R7035/(P)427,2,,
ENC-A-2260009,A10Q33206032W20A,MUNICIPIO DE CHAMUSCA,Mesa Professor EDGE s/Acess. 120x60x76cm (TE c/Nivelador) - T130/R7035/(P)427,2,,
ENC-A-2260057,A10Q3MM31RS0766A,"INFORABREU, LDA.",Armário Fechado Rodado c/Asas 24 Tabuleiros T1 104x44x96cm-(Me)Cinza Claro/7035,2,,
ENC-A-2260057,A10Q3LN330S0222A,"INFORABREU, LDA.",Armário Metálico c/Tabuleiros (12xT1+6xT2) 104x44x85cm - R7035,4,,
ENC-A-2260124,A10MAAA040SND16A,"UAB ""LIETUVOS MEISTRAI""",Cadeira Aluno 47x50x38cm - (P)123/R7035,20,,
ENC-A-2260124,A10MAAA060SND16A,"UAB ""LIETUVOS MEISTRAI""",Cadeira Aluno 47x50x46cm - (P)123/R7035,24,,
ENC-A-2260124,A10ERS4070S0D16A,"UAB ""LIETUVOS MEISTRAI""",Cadeira ERGOS SHELL 4 Pernas 49x52x51cm - (P)123/R7035,6,,
ENC-A-2260124,A10ERS4070S0C85A,"UAB ""LIETUVOS MEISTRAI""",Cadeira ERGOS SHELL 4 Pernas 49x52x51cm - (P)166/R7035,9,,
ENC-A-2260124,A10ERS4070S0T65A,"UAB ""LIETUVOS MEISTRAI""",Cadeira ERGOS SHELL 4 Pernas 49x52x51cm - (P)2169/R7035,4,,
ENC-A-2260124,A10ERS4070S0K63A,"UAB ""LIETUVOS MEISTRAI""",Cadeira ERGOS SHELL 4 Pernas 49x52x51cm - (P)7656/R7035,2,,
ENC-A-2260124,A10ERS4060S0D16B,"UAB ""LIETUVOS MEISTRAI""",Cadeira ERGOS SHELL 4 Pernas 49x53x46cm - (P)123/R7035,8,,
ENC-A-2260124,A10ERGOS06S0R24A,"UAB ""LIETUVOS MEISTRAI""",Chair ERGOS 06 - 50x50x46cm - (P)2169C,9,,
ENC-A-2260124,A10ERGOS06S0Q47A,"UAB ""LIETUVOS MEISTRAI""",Chair ERGOS 06 - 50x50x46cm - (P)623,10,,
ENC-A-2260124,A10ERGOS06S0R23A,"UAB ""LIETUVOS MEISTRAI""",Chair ERGOS 06 - 50x50x46cm - (P)692,9,,
ENC-A-2253254,A10MAAH230S0230A,AGRUPAMENTO DE ESCOLAS DE TEIXOSO,Cadeira Estirador MAIS 47x50x55-65cm - (P)661/R7035,22,,
ENC-A-2252611,A10Q3MM210S0766A,MUNICIPIO DA TROFA,Armário Baixo 16 Tabuleiros T1 70x44x85cm - (Me)Cinza Claro,1,,
ENC-A-2252611,A10CBBL000S0181A,MUNICIPIO DA TROFA,Banca Lava Loiça 48x39x60cm - FFaia,10,,
ENC-A-2252611,A10CBCM00000181A,MUNICIPIO DA TROFA,Cama 60x100x42cm- FFaia,10,,
ENC-A-2252611,A10CBCL000S0278A,MUNICIPIO DA TROFA,Canto de ligação 35 x 37 x 60cm - FFaia/MDF,10,,
ENC-A-2252611,A10CBCO000S0278A,MUNICIPIO DA TROFA,Cómoda 80x30x60cm MDF,10,,
ENC-A-2252611,A10CBCA000S0632A,MUNICIPIO DA TROFA,Contentor Álbuns 50x50x40cm - Branco,10,,
ENC-A-2252611,A10CBEP000S0282A,MUNICIPIO DA TROFA,Espelho 40x2x50cm (AcrÍlico),10,,
ENC-A-2252611,A10CBEH000S0278A,MUNICIPIO DA TROFA,Estante c/Prateleiras Horizontal 80x35x100cm - Faia,10,,
ENC-A-2252611,A10CBEI000S0181A,MUNICIPIO DA TROFA,Estante c/Prateleiras Inclinadas 80x35x100cm - FFaia,10,,
ENC-A-2252611,A10CBEF000S0278A,MUNICIPIO DA TROFA,Estante com suporte para folhas 80x35x100cm - FFaia/MDF,10,,
ENC-A-2252611,A10CBFR000S0278A,MUNICIPIO DA TROFA,Frigorífico 48x39x60cm - MDF,10,,
ENC-A-2252611,A10CBLO000S0181A,MUNICIPIO DA TROFA,Louceiro 50x37.5x100cm - FFaia,10,,
ENC-A-2252611,A10CBME000S0278A,MUNICIPIO DA TROFA,Mesa 60x60x54cm - FFaia/MDF,10,,
ENC-A-2252611,A10CBMC000S0278A,MUNICIPIO DA TROFA,Mesinha Cabeceira 34x29.5x40cm - FFaia/MDF,10,,
ENC-A-2252611,A10CBRO000S0181A,MUNICIPIO DA TROFA,"Roupeiro 50 x 37,5 x 85cm - FFaia",10,,
ENC-A-2252611,A10CBTF000S0278A,MUNICIPIO DA TROFA,Tábua Passar Ferro 65x17x52cm - MDF,10,,
ENC-A-2260102,A10ATPB400S0598A,"AG. ESCOLAS BAIXA BANHEIRA, VALE AMOREIRA, MOITA",Armário Portas Batentes c/Prateleiras (4) 100x44x185cm - (Me)Cinza Claro/R7035,16,,
ENC-A-2253232,A10Q3QP150S1257A,AGRUP. DE ESCOLAS DA PÓVOA DE SANTA IRIA,Quadro Fixo (C.AL) 150x1.6x120cm + Calha,2,,
ENC-A-2252835,900000004,ASSOCIAÇÃO RAUL DÓRIA,FC - Armário 9 Compartimentos + 9 Tabuleiros T1 - 104x45x81.4cm - (Me)Branco,16,,
ENC-A-2252835,900000004,ASSOCIAÇÃO RAUL DÓRIA,FC - Cadeira ERGOS SHELL c/Base Mochila em PP e Palmatória -(P)427/[B]+[P](P)100,102,,
ENC-A-2252835,900000004,ASSOCIAÇÃO RAUL DÓRIA,FC - Cadeira ERGOS SHELL Pé Central 63x63x42-52cm - (P)427,331,,
ENC-A-2252961,900000004,"TPS-TEIXEIRA, PINTO & SOARES, S.A.",FC - Módulo Balcão Expositor c/ Prateleira 1200x600x1000mm - TPreto [M2.412.B01],1,,
ENC-A-2252961,900000004,"TPS-TEIXEIRA, PINTO & SOARES, S.A.",FC - Módulo Balcão Canto 60x60x100cm - TPreto [M2.412.B02],1,,
ENC-A-2252961,900000004,"TPS-TEIXEIRA, PINTO & SOARES, S.A.",FC - Móduo Balcão p/Mobilidade Condicionada - TPreto [M2.411.B.02],1,,
ENC-A-2252961,900000004,"TPS-TEIXEIRA, PINTO & SOARES, S.A.",FC - Porta de Balcão (M2.413.B01) 60x98cm - TPreto,1,,
ENC-A-2252961,900000004,"TPS-TEIXEIRA, PINTO & SOARES, S.A.",FC - Remate de Balcão Painel Fixo (M2.413.B03) 60x90cm - TPreto,1,,
ENC-A-2252961,900000004,"TPS-TEIXEIRA, PINTO & SOARES, S.A.",FC-Complemento de Expositor Multirrégua(Prateleira) 60x30cm-TBranco [M4.231.B01],28,,
ENC-A-2252961,900000004,"TPS-TEIXEIRA, PINTO & SOARES, S.A.",FC - Complemento de Expositor Multirrégua (6 Gancho Metálico) - [M4.231.A01],6,,
ENC-A-2252961,900000004,"TPS-TEIXEIRA, PINTO & SOARES, S.A.",FC - Complemento de Expositor Multirrégua (6 Gancho Metálico) - [M4.231.A02],6,,
ENC-A-2252961,900000004,"TPS-TEIXEIRA, PINTO & SOARES, S.A.",FC-Módulo Balcão Expositor C/Pódio 120x60x100cm - (TP) Vidro/TPreto [M2.411.B01],1,,
ENC-A-2260052,A10ERGOS06S0497A,DECITREL INOVAÇÃO-TECNOLOGIAS EDUCAÇÃOSA,Cadeira ERGOS 06 - 50x50x46cm - (P)427,16,,
ENC-A-2260053,A10ERGOS06S0497A,MUNICÍPIO DE ALCANENA,Cadeira ERGOS 06 - 50x50x46cm - (P)427,26,,
ENC-A-2260053,A10ERGOS06S0497A,MUNICÍPIO DE ALCANENA,Cadeira ERGOS 06 - 50x50x46cm - (P)427,3,,
ENC-A-2260052,A10ERGOS06S0125A,DECITREL INOVAÇÃO-TECNOLOGIAS EDUCAÇÃOSA,Cadeira ERGOS 06 - 50x50x46cm - (P)446,16,,
ENC-A-2260053,A10ERGOS06S0125A,MUNICÍPIO DE ALCANENA,Cadeira ERGOS 06 - 50x50x46cm - (P)446,1,,
ENC-A-2260053,A10ERGOS06S0125A,MUNICÍPIO DE ALCANENA,Cadeira ERGOS 06 - 50x50x46cm - (P)446,1,,
ENC-A-2260053,A10ERGOS06S0125A,MUNICÍPIO DE ALCANENA,Cadeira ERGOS 06 - 50x50x46cm - (P)446,3,,
ENC-A-2260053,A10ERGOS06S0125A,MUNICÍPIO DE ALCANENA,Cadeira ERGOS 06 - 50x50x46cm - (P)446,1,,
ENC-A-2260053,A10ERGOS06S0125A,MUNICÍPIO DE ALCANENA,Cadeira ERGOS 06 - 50x50x46cm - (P)446,26,,
ENC-A-2260053,A10ERGOS06S0125A,MUNICÍPIO DE ALCANENA,Cadeira ERGOS 06 - 50x50x46cm - (P)446,3,,
ENC-A-2260053,A10ERGOS06S0125A,MUNICÍPIO DE ALCANENA,Cadeira ERGOS 06 - 50x50x46cm - (P)446,1,,
ENC-A-2260053,A10ERGOS06S0120A,MUNICÍPIO DE ALCANENA,Cadeira ERGOS 06 - 50x50x46cm - (P)166,2,,
ENC-A-2260053,A10ERGOS06S0120A,MUNICÍPIO DE ALCANENA,Cadeira ERGOS 06 - 50x50x46cm - (P)166,26,,
ENC-A-2253462,900000004,ESCOLA SUPERIOR ENFERMAGEM COIMBRA,FC - Armário de Parede p/ Instrumentos 130x35x60cm - (Me)Faia / R7035,1,,
ENC-A-2253462,900000004,ESCOLA SUPERIOR ENFERMAGEM COIMBRA,FC - Armário de Parede c/ P. Batentes (2) 300x35x60cm - (Me)Faia / R7035,1,,
ENC-A-2253462,900000004,ESCOLA SUPERIOR ENFERMAGEM COIMBRA,FC - Bancada c/ 4 Gavetas + 4 Portas Batentes (2)-300x60x85 - (Me)Faia / R7035,1,,
ENC-A-2253462,900000004,ESCOLA SUPERIOR ENFERMAGEM COIMBRA,FC - Mesa de Apoio 60x60x34cm - (Me)Carvalho / R9005,3,,
ENC-A-2260030,900000004,INSTITUTO POLITÉCNICO DE CASTELO BRANCO,"FC - Secretária Pés em ""L"" c/Painel Metálico 80x65x74cm - (Me)Branco/R9016",10,,
ENC-A-2260030,900000004,INSTITUTO POLITÉCNICO DE CASTELO BRANCO,"FC - Secretária Pés em ""L"" c/Painel Metálico 120x65x74cm - (Me)Branco/R9016",26,,
ENC-A-2253425,A10ERSPCR0S0125B,ASSOCIAÇÃO DIOGO DE AZAMBUJA,Cadeira ERGOS SHELL Pé Central c/Repousa Pés 63x63x65-89cm - (P)446,3,,
ENC-A-2252835,A10ERSPCR0S0497B,ASSOCIAÇÃO RAUL DÓRIA,Cadeira ERGOS SHELL Pé Central c/Repousa Pés 63x63x65-89cm - (P)427,37,,
ENC-A-2260053,900000004,MUNICÍPIO DE ALCANENA,"FC - Armário Aberto 30 Tabuleiros T2 104x43,5x185cm - (Me)Cinza Claro",1,,
ENC-A-2260053,900000004,MUNICÍPIO DE ALCANENA,FC-Módulo Inferior Rodapé 2 Portas 120x47x85cm - (Me)Cinza Claro/(Fe)Cinza Claro,2,,
ENC-A-2260082,A10BLQ0600S0D37A,EDUCHIADO LDA,Puff Quadrado 45x45x45cm - (Ps)Kiwi_8013,1,,
ENC-A-2260061,A10Q3MM31RS0766A,NERA IT SOLUTIONS UNIPESSOAL LDA,Armário Fechado Rodado c/ Asas 24 Tabuleiros T1 104x44x96cm - (Me)Cinza Claro,3,,
ENC-A-2252835,A14BU16D0000162B,ASSOCIAÇÃO RAUL DÓRIA,NETBOOK BUS 16 Dispositivos 70x64x125cm - (E)R7035/(P)R7037,4,,
ENC-A-2260123,900000004,GUIA GESTÃO DE INFORMAÇÃO E ARQUIVOS LDA,FC-Arm.Fechado(3) c/4 Rodas+Travão 90x45x81cm-[E](Me)Branco/[P](Me)Azul Esc/9016,1,,
ENC-A-2260123,900000004,GUIA GESTÃO DE INFORMAÇÃO E ARQUIVOS LDA,FC - Armário Baixo KUBIC (12 Tabuleiros T1) 103.9x45x81.4cm - (Me)Branca,2,,
ENC-A-2253423,A19BA0000249000A,ESCOLA SECUNDÁRIA EÇA DE QUEIROZ,"Bloco de Eletrificação de 4 Tomadas 6,2x15,2x18,5cm",4,,
ENC-A-2260053,A19BA0000249000A,MUNICÍPIO DE ALCANENA,"Bloco de Eletrificação de 4 Tomadas 6,2x15,2x18,5cm",3,,
ENC-A-2253381,A10CBKC000S0278A,MUNICÍPIO DE BARCELOS,Conjunto Cozinha - FFaia/MDF,1,,
ENC-A-2260102,A19BA0000147L02A,"AG. ESCOLAS BAIXA BANHEIRA, VALE AMOREIRA, MOITA",Bancada Mural Est. C 150x75x90cm - (Fe)Cinza Claro/R7037,28,,
ENC-A-2260102,A10DKURIF6S0I72A,"AG. ESCOLAS BAIXA BANHEIRA, VALE AMOREIRA, MOITA",Mesa Retangular DESK 21 80x60x76cm - (Cm)Cinza Claro/7037,72,,
ENC-A-2252611,A10CBBA000S0181A,MUNICIPIO DA TROFA,Banco 30x30x32cm - FFaia/MDF,40,,
ENC-A-2252274,A10BLRPP00S0BV5A,MUNICÍPIO DE ALCANENA,Puff Retangular c/Painel 70x50x45-85.9cm-[P](Ps)Terra_8024/[A](Ps)Limão_8005,1,,
ENC-A-2252274,A10BLC06M0S0O46A,MUNICÍPIO DE ALCANENA,Puff Curvo 108x50x45cm - (Ps)Limão_8005,4,,
ENC-A-2252274,A10BLC0600S0Q02A,MUNICÍPIO DE ALCANENA,Puff CURVO Interior 85x49x45cm - (Ps)Terra_01008024,3,,
ENC-A-2252274,A10BLQ0600S0O46A,MUNICÍPIO DE ALCANENA,Puff Quadrado [BLQ-T06] 45x45x45cm - (Ps)Limão,4,,
ENC-A-2260053,A10ATPB4B0S0598A,MUNICÍPIO DE ALCANENA,Armário Portas Batentes (4) 100x44x185cm (Base Metálica) - (Me)CinzaClaro/R7035,3,,
ENC-A-2260053,A10ATPB4B0S0598A,MUNICÍPIO DE ALCANENA,Armário Portas Batentes (4) 100x44x185cm (Base Metálica) - (Me)CinzaClaro/R7035,1,,
ENC-A-2260053,A10ATPB4B0S0598A,MUNICÍPIO DE ALCANENA,Armário Portas Batentes (4) 100x44x185cm (Base Metálica) - (Me)CinzaClaro/R7035,1,,
ENC-A-2260053,A10ATPB4B0S0598A,MUNICÍPIO DE ALCANENA,Armário Portas Batentes (4) 100x44x185cm (Base Metálica) - (Me)CinzaClaro/R7035,1,,
ENC-A-2260053,A10ATPB4B0S0598A,MUNICÍPIO DE ALCANENA,Armário Portas Batentes (4) 100x44x185cm (Base Metálica) - (Me)CinzaClaro/R7035,1,,
ENC-A-2260053,A10ATPB4B0S0598A,MUNICÍPIO DE ALCANENA,Armário Portas Batentes (4) 100x44x185cm (Base Metálica) - (Me)CinzaClaro/R7035,2,,
ENC-A-2260053,A10ATPB4B0S0598A,MUNICÍPIO DE ALCANENA,Armário Portas Batentes (4) 100x44x185cm (Base Metálica) - (Me)CinzaClaro/R7035,1,,
ENC-A-2260053,A10ATCA90002N74A,MUNICÍPIO DE ALCANENA,Armário Cacifo (9) Fech.100x44x185cm c/B.Met. -(Me)CinzaEsc/[PO](Me)CinzaC/R7035,5,,
ENC-A-2252279,A10BLC06M0S0O01A,MUNICÍPIO DE ALCANENA,Puff Curvo (BLC06M) 108x50x45cm - (Ps)Furacão_8006,1,,
ENC-A-2252279,A10BLC06M0S0L51A,MUNICÍPIO DE ALCANENA,Puff Curvo (BLC06M) 108x50x45cm - (Ps)Antracite_8016,1,,
ENC-A-2252279,A10BLC0600S0B22A,MUNICÍPIO DE ALCANENA,Puff CURVO Interior 85x49x45cm - (Ps)Furacão_8006,1,,
ENC-A-2252279,A10BLC0600S0W55A,MUNICÍPIO DE ALCANENA,Puff CURVO Interior 85x49x45cm - (Ps)Cyclame_8012,2,,
ENC-A-2252279,A10BLRD060S0L38A,MUNICÍPIO DE ALCANENA,Puff Redondo (BLRD - T06) Ø45x45cm - (Ps)Furacão_8006,1,,
ENC-A-2260100,A10BXBR6N0S0789A,FREGUESIA DE SALIR,Estante BOX 6 Compartimentos 104x44x81.5cm - (Me)Branco/R9016,6,,
ENC-A-2253241,A10ERSPCR0S0790B,AGRUP. DE ESCOLAS DA PÓVOA DE SANTA IRIA,Cadeira ERGOS SHELL Pé Central c/Repousa Pés 63x63x65-89cm - (P)100,30,,
ENC-A-2253402,A10ERGOS06S0Q48A,ESCOLA SECUNDÁRIA EÇA DE QUEIROZ,Cadeira ERGOS 06 - 50x50x46cm - (P)406,30,,
ENC-A-2253402,A10ERGOS06S0Q47A,ESCOLA SECUNDÁRIA EÇA DE QUEIROZ,Cadeira ERGOS 06 - 50x50x46cm - (P)623,30,,
ENC-A-2253425,A10ERGOS06S0Q47A,ASSOCIAÇÃO DIOGO DE AZAMBUJA,Cadeira ERGOS 06 - 50x50x46cm - (P)623,60,,
ENC-A-2260082,A10ERGOS06S0Q47A,EDUCHIADO LDA,Cadeira ERGOS 06 - 50x50x46cm - (P)623,58,,
ENC-A-2260082,A10ERGOS06S0Q47A,EDUCHIADO LDA,Cadeira ERGOS 06 - 50x50x46cm - (P)623,145,,
ENC-A-2260102,A10ERGOS06S0Q47A,"AG. ESCOLAS BAIXA BANHEIRA, VALE AMOREIRA, MOITA",Cadeira ERGOS 06 - 50x50x46cm - (P)623,36,,
ENC-A-2260114,A10ERGOS06S0Q47A,"BMWT - CONSULTORIA E SERVIÇOS INFORMÁTICOS, LDA.",Cadeira ERGOS 06 - 50x50x46cm - (P)623,40,,
ENC-A-2253381,A10CBEH000S0278A,MUNICÍPIO DE BARCELOS,Estante c/Prateleiras Horizontal 80x35x100cm - Faia,3,,
ENC-A-2253381,A10CBEI000S0181A,MUNICÍPIO DE BARCELOS,Estante c/Prateleiras Inclinadas 80x35x100cm - FFaia,2,,
ENC-A-2260102,A10PREP00425678A,"AG. ESCOLAS BAIXA BANHEIRA, VALE AMOREIRA, MOITA",Bancada de Electricidade 180x80x90cm - T166/R7037/PVC Cinza Claro,24,,
ENC-A-2260102,A10AT4M714S0858A,"AG. ESCOLAS BAIXA BANHEIRA, VALE AMOREIRA, MOITA","Secretária ""U4"" 140x70x74cm - (Me)Cinza Claro/R7037",6,,
ENC-A-2260053,A19AR0000586Y77A,MUNICÍPIO DE ALCANENA,Armário Vitrine (TAR) 120x65x200cm - [A](Me)Cinza Claro/[R](Fe)Cinza Claro,3,,
ENC-A-2260053,A19AR0000586Y77A,MUNICÍPIO DE ALCANENA,Armário Vitrine (TAR) 120x65x200cm - [A](Me)Cinza Claro/[R](Fe)Cinza Claro,2,,
ENC-A-2260053,A19AR0000586Y77A,MUNICÍPIO DE ALCANENA,Armário Vitrine (TAR) 120x65x200cm - [A](Me)Cinza Claro/[R](Fe)Cinza Claro,1,,
ENC-A-2260082,A19AR0000586Y77A,EDUCHIADO LDA,Armário Vitrine (TAR) 120x65x200cm - [A](Me)Cinza Claro/[R](Fe)Cinza Claro,1,,
ENC-A-2252835,A14BU32D0000162B,ASSOCIAÇÃO RAUL DÓRIA,NETBOOK BUS 32 Dispositivos 110x64x125cm - (E)R7035/(P)R7037,2,,
ENC-A-2252835,A10HT05000S0598A,ASSOCIAÇÃO RAUL DÓRIA,Mesa Tampo Rebatível c/Rodas 140x70x74cm - (Me)CinzaClaro/R7035,54,,
ENC-A-2252835,A19ZZ0000809000A,ASSOCIAÇÃO RAUL DÓRIA,Chapa Ceramica Branca L=1175mm - 2000x1175mm,33,,
ENC-A-2252835,A10Q3RB42040222A,ASSOCIAÇÃO RAUL DÓRIA,Quadro Móvel Rotativo Dupla Face Branco (TP Rb42) 150x45x200cm - R7035,9,,
ENC-A-2260102,A10ERGOS06S0R24A,"AG. ESCOLAS BAIXA BANHEIRA, VALE AMOREIRA, MOITA",Cadeira ERGOS 06 - 50x50x46cm - (P)2169C,36,,
ENC-A-2253148,A10ERGOS05S0122A,AGRUPAMENTO DE ESCOLAS SÁ DA BANDEIRA,Cadeira ERGOS 05 - 50x50x43cm - (P)661,70,,
ENC-A-2253205,A10ERGOS05S0122A,MUNICÍPIO DE BENAVENTE,Cadeira ERGOS 05 - 50x50x43cm - (P)661,37,,
ENC-A-2252961,A19AR0000379Q23A,"TPS-TEIXEIRA, PINTO & SOARES, S.A.",Módulo Balcão c/ Gavetas 600x600x1000mm - TPreto [M2.412.B04],1,,
ENC-A-2252961,A19AR0000377Q23A,"TPS-TEIXEIRA, PINTO & SOARES, S.A.",Módulo Balcão Expositor c/ Prateleira 1200x600x1000mm - TPreto [M2.411.B02],1,,
ENC-A-2252961,A19AR0000375Q21A,"TPS-TEIXEIRA, PINTO & SOARES, S.A.",Armário Fechado Baixo (Gavetas) 1200x600x800mm - TBranco [M3.112.B05],2,,
ENC-A-2252961,A19AR0000374Q21A,"TPS-TEIXEIRA, PINTO & SOARES, S.A.",Armário Fechado Baixo 1200x600x800mm - T Branco [M3.112.B04],2,,
ENC-A-2253315,A10ATBR300S0626A,AGRUPAMENTO DE ESC. D. AFONSO HENRIQUES,Bloco 3 Gavetas 43x53x60cm - (Me)Faia,1,,
ENC-A-2260102,A10ATBR300S1766A,"AG. ESCOLAS BAIXA BANHEIRA, VALE AMOREIRA, MOITA",Bloco 3 Gavetas 44x53x60cm - (Me)Cinza Claro,9,,
ENC-A-2260053,A10Q3FA06100L55A,MUNICÍPIO DE ALCANENA,Mesa Individual EDGE s/Acess. 75x60x76cm (TE c/ Nivelador) - T166/R7035/(P)427,6,,
ENC-A-2260082,A10ATCA120S0766A,EDUCHIADO LDA,Armário Fechado c/ 12 Cacifos 100x43.5x185cm - (Me)Cinza Claro,12,,
ENC-A-2260102,A10ATCA120S0766A,"AG. ESCOLAS BAIXA BANHEIRA, VALE AMOREIRA, MOITA",Armário Fechado c/ 12 Cacifos 100x43.5x185cm - (Me)Cinza Claro,2,,
ENC-A-2253402,A10ERSPCR0S0Q48B,ESCOLA SECUNDÁRIA EÇA DE QUEIROZ,Cadeira ERGOS SHELL Pé Central c/Repousa Pés 63x63x65-89cm - (P)406,10,,
ENC-A-2260082,A10ATOM816S0598A,EDUCHIADO LDA,"Secretária ""O5"" 160x80x74cm - (Me)Cinza Claro/R7035",2,,
ENC-A-2260082,A10Q3FE06030598A,EDUCHIADO LDA,Mesa Circular Atlantic Ø120x73cm - (Me)Cinza Claro/R7035,2,,
ENC-A-2260082,A10ATPB200S0598B,EDUCHIADO LDA,Armário Portas Batentes c/Prateleiras (2) 100x44x110cm - (Me)Cinza Claro/R7035,4,,
ENC-A-2253241,A10ATPB300S0C84A,AGRUP. DE ESCOLAS DA PÓVOA DE SANTA IRIA,Armário Portas Batentes c/ Prateleiras (3) 100x44x149cm - (Me)Branca/R9016,2,,
ENC-A-2260030,A10ATPCR0001409A,INSTITUTO POLITÉCNICO DE CASTELO BRANCO,"Passa-cabos Retangular c/Tampa 27,7x11cm - R9016",26,,
ENC-A-2260030,A10ATPCR0001409A,INSTITUTO POLITÉCNICO DE CASTELO BRANCO,"Passa-cabos Retangular c/Tampa 27,7x11cm - R9016",10,,
ENC-A-2253422,A10ATPB400S0O99A,ESCOLA PROF. DESENV.RURAL ALTER DO CHÃO,Armário Portas Batentes (4) 100x44x185cm - [E](Me)Cinza Claro/[P](Me)Branco/7035,4,,
ENC-A-2253402,A10ERSPCR0S0Q47B,ESCOLA SECUNDÁRIA EÇA DE QUEIROZ,Cadeira ERGOS SHELL Pé Central c/Repousa Pés 63x63x65-89cm - (P)623,10,,
ENC-A-2260082,A10ERSPCR0S0Q47B,EDUCHIADO LDA,Cadeira ERGOS SHELL Pé Central c/Repousa Pés 63x63x65-89cm - (P)623,33,,
ENC-A-2260102,A10ERSPCR0S0Q47B,"AG. ESCOLAS BAIXA BANHEIRA, VALE AMOREIRA, MOITA",Cadeira ERGOS SHELL Pé Central c/Repousa Pés 63x63x65-89cm - (P)623,30,,
ENC-A-2260102,A10ERS4060S0X21A,"AG. ESCOLAS BAIXA BANHEIRA, VALE AMOREIRA, MOITA",Cadeira ERGOS SHELL 4 Pernas 49x53x46cm - (P)2169C/R7037,36,,
ENC-A-2260102,A10ERS4060S0X21A,"AG. ESCOLAS BAIXA BANHEIRA, VALE AMOREIRA, MOITA",Cadeira ERGOS SHELL 4 Pernas 49x53x46cm - (P)2169C/R7037,12,,
ENC-A-2260102,A10ERS4060S0X20A,"AG. ESCOLAS BAIXA BANHEIRA, VALE AMOREIRA, MOITA",Cadeira ERGOS SHELL 4 Pernas 49x53x46cm - (P)623/R7037,36,,
ENC-A-2260102,A10ERS4060S0X20A,"AG. ESCOLAS BAIXA BANHEIRA, VALE AMOREIRA, MOITA",Cadeira ERGOS SHELL 4 Pernas 49x53x46cm - (P)623/R7037,12,,
ENC-A-2253425,A10ERSPCR0S0R24B,ASSOCIAÇÃO DIOGO DE AZAMBUJA,Cadeira ERGOS SHELL Pé Central c/Repousa Pés 63x63x65-89cm - (P)2169C,36,,
ENC-A-2260102,A10ERSPCR0S0R24B,"AG. ESCOLAS BAIXA BANHEIRA, VALE AMOREIRA, MOITA",Cadeira ERGOS SHELL Pé Central c/Repousa Pés 63x63x65-89cm - (P)2169C,30,,
ENC-A-2260123,A10ERTRAY1S0851A,GUIA GESTÃO DE INFORMAÇÃO E ARQUIVOS LDA,Tabuleiro ERGOS TRAY T1 31x37.5x7.5cm - (P)123,12,,
ENC-A-2253381,A10CBKQ000S0278A,MUNICÍPIO DE BARCELOS,Conjunto Quarto - FFaia/MDF,1,,
ENC-A-2253345,A10ERS4R06S0D16B,"AGRUPAMENTO DE ESCOLAS DE ALVALADE, LISBOA",Cadeira ERGOS SHELL 4 Pernas c/ Rodas 51x54x46cm - (P)123/R7035,2,,
ENC-A-2253345,A10ERS4R06S0230B,"AGRUPAMENTO DE ESCOLAS DE ALVALADE, LISBOA",Cadeira ERGOS SHELL 4 Pernas c/Rodas 51x54x46cm - (P)661/R7035,2,,
ENC-A-2260114,A10ERSPC00S0596B,"BMWT - CONSULTORIA E SERVIÇOS INFORMÁTICOS, LDA.",Cadeira ERGOS SHELL Pé Central 63x63x42-52cm - (P)623,3,,
ENC-A-2252611,A10CBBA000S0181A,MUNICIPIO DA TROFA,Banco 30x30x32cm - FFaia/MDF,40,,
ENC-A-2253148,A10Q3LD04P08222A,AGRUPAMENTO DE ESCOLAS SÁ DA BANDEIRA,Armário Cacifo (9) Fechado c/Pés (C) 90x50x193cm - R7035,10,,
ENC-A-2260102,A10TMFHIA01I72A,"AG. ESCOLAS BAIXA BANHEIRA, VALE AMOREIRA, MOITA",Mesa de Professor Alta Team c/ Rodas 70x55x103cm - (Cm)Cinza Claro/R7037,10,,
ENC-A-2252611,A10CBFO000S0181A,MUNICIPIO DA TROFA,Fogão 48 x 39 x 60cm - FFaia,10,,
ENC-A-2252611,A10CBMR000S0181A,MUNICIPIO DA TROFA,Máquina Lavar Roupa 48x39x60cm - FFaia,10,,
ENC-A-2252611,A10CBSC000S0278A,MUNICIPIO DA TROFA,Suporte para cartazes 70x42x66cm - FFaia,10,,
ENC-A-2253449,A10BLCPE00S0I46A,AGRUPAMENTO DE ESCOLAS DE S BENTO VIZELA,Puff Curvo Exterior c/Painel 109x56x86cm - (Ps)Laranja_8010,1,,
ENC-A-2260085,A10BLCPE00S0Q25A,DECITREL INOVAÇÃO-TECNOLOGIAS EDUCAÇÃOSA,Puff Curvo Exterior c/Painel 109x56x86cm - (Ps)Morango_8004,2,,
ENC-A-2252611,A10CBCE000S0278A,MUNICIPIO DA TROFA,Cadeira 30x30x32cm - FFaia/MDF,10,,
ENC-A-2253449,A10BLCPI00S0R54A,AGRUPAMENTO DE ESCOLAS DE S BENTO VIZELA,Puff Curvo Interior c/Painel 88x55x86cm - (Ps)Primavera_8028,1,,
ENC-A-2253396,A10BLL0600S0O02A,AGRUPAMENTO ESCOLAS DE CISTER - ALCOBAÇA,Puff Block Lounge 135x45x45-70cm - (Ps)Laguna_8015,1,,
ENC-A-2253396,A10BLL0600S0V30A,AGRUPAMENTO ESCOLAS DE CISTER - ALCOBAÇA,Puff Block Lounge 135x45x45-70cm - (Ps)Céu_8014,1,,
ENC-A-2253396,A10BLQ0600S0O02A,AGRUPAMENTO ESCOLAS DE CISTER - ALCOBAÇA,Puff Quadrado 45x45x45cm - (Ps)Laguna_8015,1,,
ENC-A-2253396,A10BLQ0600S0S90A,AGRUPAMENTO ESCOLAS DE CISTER - ALCOBAÇA,Puff Quadrado 45x45x45cm - (Ps)Azul Céu_8014,1,,
ENC-A-2260052,A14BU24D0000162B,DECITREL INOVAÇÃO-TECNOLOGIAS EDUCAÇÃOSA,NETBOOK BUS 24 Dispositivos 70x64x125cm - (E)R7035/(P)R7037,1,,
ENC-A-2260082,A14BU24D0000162B,EDUCHIADO LDA,NETBOOK BUS 24 Dispositivos 70x64x125cm - (E)R7035/(P)R7037,6,,
ENC-A-2260102,A14BU24D0000162B,"AG. ESCOLAS BAIXA BANHEIRA, VALE AMOREIRA, MOITA",NETBOOK BUS 24 Dispositivos 70x64x125cm - (E)R7035/(P)R7037,3,,
ENC-A-2260082,A10BLR0600S0D37A,EDUCHIADO LDA,Puff Retangular 90x45x45cm - (Ps)Kiwi_8013,2,,
ENC-A-2260102,A10ERSPCPBSNBP7A,"AG. ESCOLAS BAIXA BANHEIRA, VALE AMOREIRA, MOITA",Cadeira ERGOS SHELL c/Base Mochila 72x85x46cm-(P)2169c/R7037/(Cm)Cinza Claro,4,,
ENC-A-2253383,A10Q3MA020S0181A,MUNICÍPIO DE BARCELOS,Armário Fechado 100x44x185cm - FFaia,1,,
ENC-A-2253447,A10BLRPP00S0O02A,AGRUPAMENTO DE ESCOLAS DE S BENTO VIZELA,"Puff Retangular c/Painel 70x50x85,9cm - (Ps)Laguna",1,,
ENC-A-2253449,A10BLRPP00S0Q02A,AGRUPAMENTO DE ESCOLAS DE S BENTO VIZELA,Puff Retangular c/Painel 70x50x85.9cm - (Ps)Terra_8024,1,,
ENC-A-2260052,A10BXBR4T001670A,DECITREL INOVAÇÃO-TECNOLOGIAS EDUCAÇÃOSA,"Armário Box Reto (BR4T) c/Tabuleiros 160x43.5x81,5cm - (Me)Faia/R7035",1,,
ENC-A-2253330,A19AR0000836CC5A,"AGRUPAMENTO DE ESCOLAS D.DINIS, LOULÉ",Arm.Fech.12 Cacifos 90x50x(185+100)cm - [E](Fe)CinzaCla/[P](Me)Azul/(Me)CinzaCla,6,,
ENC-A-2253345,A10ERS4R06S0232B,"AGRUPAMENTO DE ESCOLAS DE ALVALADE, LISBOA",Cadeira ERGOS SHELL 4 Pernas c/Rodas 51x54x46cm - (P)362/R7035,2,,
ENC-A-2253345,A10ERS4R06S0C85B,"AGRUPAMENTO DE ESCOLAS DE ALVALADE, LISBOA",Cadeira ERGOS SHELL 4 Pernas c/Rodas 51x54x46cm - (P)166/R7035,2,,
ENC-A-2260102,A10ERSPCPBSNX16A,"AG. ESCOLAS BAIXA BANHEIRA, VALE AMOREIRA, MOITA",Cadeira ERGOS SHELL c/Base Mochila 72x85x46cm - (P)623/R7037/(Cm)Cinza Claro,4,,
ENC-A-2260102,A10Q3AJ04037L02A,"AG. ESCOLAS BAIXA BANHEIRA, VALE AMOREIRA, MOITA",Banco Vestiário 180x41x162cm (10 Cabides Alum.) - (Fe)Cinza Claro/R7037,4,,
ENC-A-2253380,A10Q2303M003181A,MUNICÍPIO DE BARCELOS,Estante Simples 92x32x150cm (4XPH+8XCL+1XPTF) - Faia,4,,
ENC-A-2253384,A10EXM0200S0184A,MUNICÍPIO DE BARCELOS,Mesa EXPO Ø90x47cm - T517/Faia,1,,
ENC-A-2252611,A10CBCE000S0278A,MUNICIPIO DA TROFA,Cadeira 30x30x32cm - FFaia/MDF,10,,
ENC-A-2252611,A10CBFO000S0181A,MUNICIPIO DA TROFA,Fogão 48 x 39 x 60cm - FFaia,10,,
ENC-A-2252611,A10CBMR000S0181A,MUNICIPIO DA TROFA,Máquina Lavar Roupa 48x39x60cm - FFaia,10,,
ENC-A-2252611,A10CBSC000S0278A,MUNICIPIO DA TROFA,Suporte para cartazes 70x42x66cm - FFaia,10,,
ENC-A-2251910,A10LBTBM1001O19A,AGRUPAMENTO DE ESCOLAS 4 DE OUTUBRO,Bancada Mural Estrutura CI c/4Rodas + Travão 150x75x90cm - (Fe)Branco/R7021,60,,
ENC-A-2260009,A10Q3FC040ST596A,MUNICIPIO DE CHAMUSCA,Mesa Múltipla 120x80x64cm (TE.N) - (Cm)Branco/R7035,6,,
ENC-A-2260009,A10Q3F002006140A,MUNICIPIO DE CHAMUSCA,Mesa Individual 60x60x53cm (TE.N) - T130/R7035 (NÃO PRODUZIR),5,,
ENC-A-2260009,A10Q3FC01006596A,MUNICIPIO DE CHAMUSCA,Mesa Múltipla 120x80x46cm (TE.N) - (Cm)Branco/R7035,4,,
ENC-A-2253402,A10ERSP00001AA57,ESCOLA SECUNDÁRIA EÇA DE QUEIROZ,Cadeira Alta ERGOS SHELL 4 Pernas 49x49x55cm - (P)406/R8014,45,,
ENC-A-2260102,A10ERETRODS0377A,"AG. ESCOLAS BAIXA BANHEIRA, VALE AMOREIRA, MOITA",Trolley ERGOS Duplo 72x39x89cm - R7037,4,,
ENC-A-2253402,A10ERSP00001AA56,ESCOLA SECUNDÁRIA EÇA DE QUEIROZ,Cadeira Alta ERGOS SHELL 4 Pernas 49x49x55cm - (P)623/R8014,45,,
ENC-A-2260009,A10Q3FE010SN140A,MUNICIPIO DE CHAMUSCA,Mesa Circular Ø120x46cm - T130/R7035,4,,
ENC-A-2260009,A10Q3FE040ST0AA60,MUNICIPIO DE CHAMUSCA,Mesa Circular Ø120x64cm (TE.N) - T130/R7035/PVC_Cinza Claro (FATURAR/NÃO PROD),4,,
ENC-A-2260009,A10Q3FE010ST140A,MUNICIPIO DE CHAMUSCA,Mesa Circular Q3 Ø120x46cm (TE.N) - T130/R7035 (FATURAR/ NÃO PRODUZIR),4,,
ENC-A-2253422,A10Q3LD04P12211A,ESCOLA PROF. DESENV.RURAL ALTER DO CHÃO,Armário Cacifo (12) Fechado c/Pés 100x44x193cm - (E)R7037/(P)R7035,8,,
ENC-A-2253422,A10Q3LD03P02211A,ESCOLA PROF. DESENV.RURAL ALTER DO CHÃO,Armário Cacifo (9) Fechado c/Pés 100x43.5x193cm - (E)R7037/(P)R7035,3,,
ENC-A-2253423,A19BA0000398W99A,ESCOLA SECUNDÁRIA EÇA DE QUEIROZ,Bancada Central Independente 150x150x90cm - (Fe)Branco/(Me)Cinza Claro/R7035,4,,
ENC-A-2260009,A10Q3FF03010AA60,MUNICIPIO DE CHAMUSCA,Mesa Semicircular Ø120x59cm (TE + Nivelador) - T130/R7035/PVC_Cinza Claro,4,,
ENC-A-2260009,A10Q3FF04005AA60,MUNICIPIO DE CHAMUSCA,Mesa Semicircular Ø120x64cm (TE.N) - T130/R7035/PVC_Cinza Claro,4,,
ENC-A-2253425,A12FW5114800103A,ASSOCIAÇÃO DIOGO DE AZAMBUJA,"EINB FLIP FLOW LED ActivPanel AP10 ""86"" - R9006",6,,
ENC-A-2253425,A14BU24D0000222B,ASSOCIAÇÃO DIOGO DE AZAMBUJA,NETBOOK BUS 24 Dispositivos 70x64x125cm - R7035,3,,
ENC-A-2260009,A10Q3FE020ST140A,MUNICIPIO DE CHAMUSCA,Mesa Circular Ø120x53cm (TE.N) - T130/R7035 (PRODUZIR/ NÃO FATURAR),2,,
ENC-A-2253425,A10LBTMR10S1319A,ASSOCIAÇÃO DIOGO DE AZAMBUJA,Módulo Inferior Rodado c/1 Porta 45x47x80cm - (Me)Branco,4,,
ENC-A-2260009,A10Q3FE03019AA60,MUNICIPIO DE CHAMUSCA,Mesa Circular Ø120x59cm (TE.N) - T130/R7035/PVC_Cinza Claro (FORNECER/ NÃO PROD),2,,
ENC-A-2260030,A10MAAA060SNF24A,INSTITUTO POLITÉCNICO DE CASTELO BRANCO,Cadeira Aluno 47x50x46cm - (P)661/R9016,60,,
ENC-A-2260009,A10Q3FE040ST0AA60,MUNICIPIO DE CHAMUSCA,Mesa Circular Ø120x64cm (TE.N) - T130/R7035/PVC_Cinza Claro (FORNECER/NÃO FAT),2,,
ENC-A-2260053,A10Q3RD01NS0115A,MUNICÍPIO DE ALCANENA,Recipiente de Papéis 36x15x30cm - R7021,1,,
ENC-A-2260053,A10Q3RD01NS0115A,MUNICÍPIO DE ALCANENA,Recipiente de Papéis 36x15x30cm - R7021,2,,
ENC-A-2260053,A10Q3RD01NS0115A,MUNICÍPIO DE ALCANENA,Recipiente de Papéis 36x15x30cm - R7021,1,,
ENC-A-2260053,A10Q3RD01NS0115A,MUNICÍPIO DE ALCANENA,Recipiente de Papéis 36x15x30cm - R7021,3,,
ENC-A-2260053,A10Q3RD01NS0115A,MUNICÍPIO DE ALCANENA,Recipiente de Papéis 36x15x30cm - R7021,1,,
ENC-A-2260053,A10Q3RD01NS0115A,MUNICÍPIO DE ALCANENA,Recipiente de Papéis 36x15x30cm - R7021,1,,
ENC-A-2260053,A10Q3RD01NS0115A,MUNICÍPIO DE ALCANENA,Recipiente de Papéis 36x15x30cm - R7021,1,,
ENC-A-2260053,A10Q3RA02012103A,MUNICÍPIO DE ALCANENA,Expositor Vitrine 150x7x75cm Estrutura Metálica - R9006,1,,
ENC-A-2260053,A10Q33206032L55A,MUNICÍPIO DE ALCANENA,Mesa Professor (PF+2G) EDGE 120x60x76cm (TE c/ Nivelador) - T166/R7035/(P)427,1,,
ENC-A-2260053,A10Q33206032L55A,MUNICÍPIO DE ALCANENA,Mesa Professor (PF+2G) EDGE 120x60x76cm (TE c/ Nivelador) - T166/R7035/(P)427,1,,
ENC-A-2260053,A10Q33206032L55A,MUNICÍPIO DE ALCANENA,Mesa Professor (PF+2G) EDGE 120x60x76cm (TE c/ Nivelador) - T166/R7035/(P)427,3,,
ENC-A-2260053,A10Q33206032L55A,MUNICÍPIO DE ALCANENA,Mesa Professor (PF+2G) EDGE 120x60x76cm (TE c/ Nivelador) - T166/R7035/(P)427,1,,
ENC-A-2260053,A10ERSP00000972B,MUNICÍPIO DE ALCANENA,Cadeira Alta ERGOS SHELL 4 Pernas 49x53x75cm - (P)427/R7035,48,,
ENC-A-2260053,A10ERSP00000972B,MUNICÍPIO DE ALCANENA,Cadeira Alta ERGOS SHELL 4 Pernas 49x53x75cm - (P)427/R7035,16,,
ENC-A-2260053,A10ERSP00000972B,MUNICÍPIO DE ALCANENA,Cadeira Alta ERGOS SHELL 4 Pernas 49x53x75cm - (P)427/R7035,4,,
ENC-A-2260053,A10ERSP00000972B,MUNICÍPIO DE ALCANENA,Cadeira Alta ERGOS SHELL 4 Pernas 49x53x75cm - (P)427/R7035,30,,
ENC-A-2260053,A10ERSP00000972B,MUNICÍPIO DE ALCANENA,Cadeira Alta ERGOS SHELL 4 Pernas 49x53x75cm - (P)427/R7035,10,,
ENC-A-2260009,A10Q3FE010ST140A,MUNICIPIO DE CHAMUSCA,Mesa Circular Q3 Ø120x46cm (TE.N) - T130/R7035 (PRODUZIR/ NÃO FATURAR),2,,
ENC-A-2260009,A10Q3FF02005AA60,MUNICIPIO DE CHAMUSCA,Mesa Semicircular Ø120x53cm (TE.N) - T130/R7035/PVC_Cinza Claro,2,,
ENC-A-2260009,A10Q3FF02005AA60,MUNICIPIO DE CHAMUSCA,Mesa Semicircular Ø120x53cm (TE.N) - T130/R7035/PVC_Cinza Claro,2,,
ENC-A-2260009,A10Q3FF03010AA60,MUNICIPIO DE CHAMUSCA,Mesa Semicircular Ø120x59cm (TE.N) - T130/R7035/PVC_Cinza Claro,2,,
ENC-A-2260053,A10Q3RB420S1222A,MUNICÍPIO DE ALCANENA,Quadro móvel a marcador 150x50x200cm - R7035,2,,
ENC-A-2260009,A10Q3FF03010AA60,MUNICIPIO DE CHAMUSCA,Mesa Semicircular Ø120x59cm (TE.N) - T130/R7035/PVC_Cinza Claro,2,,
ENC-A-2260009,A10Q3FB020ST013A,MUNICIPIO DE CHAMUSCA,Mesa Dupla 120x60x53cm (TE.N) - T3191/R7035,1,,
ENC-A-2260053,A10TLSERGTS0222A,MUNICÍPIO DE ALCANENA,Módulo Tabuleiros 38x39x80cm - R7035,2,,
ENC-A-2260053,A10TLSERGTS0222A,MUNICÍPIO DE ALCANENA,Módulo Tabuleiros 38x39x80cm - R7035,1,,
ENC-A-2260053,A10ERSP00000229B,MUNICÍPIO DE ALCANENA,Cadeira Alta ERGOS SHELL 4 Pernas 49x53x75cm - (P)446/R7035,1,,
ENC-A-2260053,A10ERSP00000229B,MUNICÍPIO DE ALCANENA,Cadeira Alta ERGOS SHELL 4 Pernas 49x53x75cm - (P)446/R7035,10,,
ENC-A-2260053,A19ZZ0000301766A,MUNICÍPIO DE ALCANENA,Parede Ensino 360x50x270cm - (Me)Cinza Claro,1,,
ENC-A-2260053,A10ERSP00000C85B,MUNICÍPIO DE ALCANENA,Cadeira Alta ERGOS SHELL 4 Pernas 49x53x75cm - (P)166/R7035,10,,
ENC-A-2260053,A19ME0000742598A,MUNICÍPIO DE ALCANENA,Mesa de Luz 90x60 100+70cm - (Me)Cinza Claro/R7035,1,,
ENC-A-2251910,A10BMMQ000S0C62A,AGRUPAMENTO DE ESCOLAS 4 DE OUTUBRO,Mesa Reunião Quadrangular BLOOM 120x116x74cm - (Cm)CinzaClaro/R7021,1,,
ENC-A-2260102,A10ERSP00000X20A,"AG. ESCOLAS BAIXA BANHEIRA, VALE AMOREIRA, MOITA",Cadeira Alta ERGOS SHELL 4 Pernas 49x49x65cm - (P)623/R7037,24,,
ENC-A-2260102,A10ERSP00000X21A,"AG. ESCOLAS BAIXA BANHEIRA, VALE AMOREIRA, MOITA",Cadeira Alta ERGOS SHELL 4 Pernas 49x49x65cm - (P)2169C/R7037,24,,
ENC-A-2260081,A10ERSPC00S0A58B,SAGAH INVESTMENTS,Cadeira ERGOS SHELL Pé Central 63x63x42-52cm - (Ps)Preto/(P)100,25,,
ENC-A-2260080,A19BA0000220Y77A,ENCLAVE EDUCATIVO EQUIPAM. INTEGRALES SA,Módulo Lavagem 2 Portas Melamina 90x47x82cm - (Me)Cinza Claro/[R](Fe)Cinza Claro,1,,
ENC-A-2251910,A10BMMTC00S0C62A,AGRUPAMENTO DE ESCOLAS 4 DE OUTUBRO,Mesa Reunião Triangular BLOOM 120x114.5x74cm - (Cm)Cinza Claro/R7021,1,,
ENC-A-2260080,A19BA0000299V33A,ENCLAVE EDUCATIVO EQUIPAM. INTEGRALES SA,Banc. Lavagem+Pio+Torn. Mist.+Sifão+Esc.90x75x90cm - (Fe)Cinza/(Me)Cinza/7035,1,,
ENC-A-2260009,A10Q3FE010ST140A,MUNICIPIO DE CHAMUSCA,Mesa Circular Q3 Ø120x46cm (TE.N) - T130/R7035,1,,
ENC-A-2260082,A10Q3LF21PS0222B,EDUCHIADO LDA,Armário Vestiário Individual 32.6x50.2x192.7cm c/Pés - R7035,12,,
ENC-A-2260082,A10PRZZ00166222A,EDUCHIADO LDA,Armário Produtos Limpeza 100x42x185cm - R7035,2,,
ENC-A-2260082,A19ZZ0000976766A,EDUCHIADO LDA,Módulo c/Portas p/ Parede Ensino 120x50x270cm - (Me)Cinza Claro,3,,
ENC-A-2260082,A19BA0000407V32A,EDUCHIADO LDA,"Alçado 2 Níveis p/ Bancada Central 120x30x47,5cm - (Me)Cinza Claro Hidró/R7035",6,,
ENC-A-2260009,A10Q3FA01002140A,MUNICIPIO DE CHAMUSCA,Mesa Individual 60x60x47cm - T130/R7035 (FATURAR/ NÃO PRODUZIR),1,,
ENC-A-2260124,A10DK21567S1985A,"UAB ""LIETUVOS MEISTRAI""",Mesa DESK21 Regulável 70x70x70-82cm - (Cm)Cinza Claro/R7035,15,,
ENC-A-2260102,A10Q3LA020S0377A,"AG. ESCOLAS BAIXA BANHEIRA, VALE AMOREIRA, MOITA",Armário Metálico Fechado 100x44x185cm - R7037,10,,
ENC-A-2260124,A10DK21060S1985A,"UAB ""LIETUVOS MEISTRAI""",Mesa DESK21 70x70x76cm - (Cm)Cinza Claro/R7035,8,,
ENC-A-2260124,A10DKIT8A5S0985A,"UAB ""LIETUVOS MEISTRAI""",Mesa DESK21 Trapezoidal 90x50.8x70-82cm - (Cm)Cinza Claro/R7035,4,,
ENC-A-2260102,A10SMARTL0S0858A,"AG. ESCOLAS BAIXA BANHEIRA, VALE AMOREIRA, MOITA",Mesa Multifuncional c/ Luminária 208x90x186.5cm - (Me)Cinza Claro/R7037,7,,
ENC-A-2252979,900000004,MUNICÍPIO DE AVIS,FC - Mesa Individual c/Subtampo Metálico 75x60x71cm - T166/R7035/(P)427,96,,
ENC-A-2260102,A10Q3LF02PS0377A,"AG. ESCOLAS BAIXA BANHEIRA, VALE AMOREIRA, MOITA",Armário Vestiário Triplo c/Pés 92.8x50.2x195cm - R7037,10,,
ENC-A-2260102,A10Q3QP250S0257A,"AG. ESCOLAS BAIXA BANHEIRA, VALE AMOREIRA, MOITA",Quadro Fixo (C.AL) 250x1.6x120cm + Calha + Apagador + Marcadores,15,,
ENC-A-2252979,A10Q3FA04I14L55A,MUNICÍPIO DE AVIS,Mesa Individual c/Subtampo Metálico 75x60x64cm - T166/R7035/(P)427,72,,
ENC-A-2252979,900000004,MUNICÍPIO DE AVIS,FC - Estirador (HB01) 90x70x85-100cm - (Cm)Cinza Claro/R7035,24,,
ENC-G-2079,A10MTMALR0S0W27A,ASSOCIAÇÃO TORREJANA DE ENSINO PROFISSIONAL,Painel Acústico c/ Rodas MUTE 104x5x160cm - (Te)Laranja_8008/R7037,2,,
ENC-A-2252835,900000002,ASSOCIAÇÃO RAUL DÓRIA,FC - Cadeirão Rotativo Base Aluminio - (Ps) Furacão_01008006,10,,
ENC-A-2252835,900000002,ASSOCIAÇÃO RAUL DÓRIA,FC - Suporte Móvel Motorizado Ajustavel em Altura - R7035,11,,
ENC-A-2252835,900000002,ASSOCIAÇÃO RAUL DÓRIA,FC - Conjunto 4 Rodizios c/ Travão,72,,
ENC-A-2252961,900000002,"TPS-TEIXEIRA, PINTO & SOARES, S.A.","FC - Sistema Exposição Multirégua (M4.212.B01) 4,8x2.4 mt - Branco",3,,
ENC-A-2253462,900000002,ESCOLA SUPERIOR ENFERMAGEM COIMBRA,FC - Sofá Individual c/Braços 70x60x68cm - (Ps)Preto,8,,
ENC-G-2038,900000002,MUNICÍPIO DE TORRES VEDRAS,FC - Almofada p/ Banca de Muda 120x60x90cm - (Ps)Céu_8014,1,,
ENC-G-2038,900000002,MUNICÍPIO DE TORRES VEDRAS,FC - Almofada p/ Banca de Muda 120x60x90cm - (Ps)Céu_8014,1,,
ENC-G-2038,900000002,MUNICÍPIO DE TORRES VEDRAS,FC - Almofada p/ Banca de Muda 120x60x90cm - (Ps)Céu_8014,1,,
ENC-A-2260141,A10ATPB400S0598A,MUNICÍPIO DE ALENQUER,Armário Portas Batentes c/Prateleiras (4) 100x44x185cm - (Me)Cinza Claro/R7035,2,,
ENC-A-2260138,A10Q3MM31RS0766A,"INFORABREU, LDA.",Armário Fechado Rodado c/ Asas 24 Tabuleiros T1 104x44x96cm - (Me)Cinza Claro,5,,
ENC-A-2260134,A10ERGOS03SN122A,MUNICÍPIO DE GONDOMAR,Cadeira ERGOS 03 42x39.5x35cm - (P)661,20,,
ENC-A-2260140,A10Q3MM32RS1766A,"INFORABREU, LDA.",Armário Rodado Baixo Fechado c/Asas 12 Tabul. T2 104x44x96cm - (Me)Cinza Claro,2,,
ENC-A-2260138,A10Q3MM330S0766A,"INFORABREU, LDA.",Armário Tabuleiros (12 Tab. T1 + 6 Tab. T2) 104x44x85cm - (Me)Cinza Claro,10,,
ENC-A-2260140,A10Q3MM330S0766A,"INFORABREU, LDA.",Armário Tabuleiros (12 Tab. T1 + 6 Tab. T2) 104x44x85cm - (Me)Cinza Claro,4,,
ENC-A-2260138,A10BXBR6N0S0598A,"INFORABREU, LDA.",Estante BOX 6 Compartimentos 104x44x81.5cm - (Me)Cinza Claro/R7035,5,,
ENC-A-2260140,A10BXBR6N0S0598A,"INFORABREU, LDA.",Estante BOX 6 Compartimentos 104x44x81.5cm - (Me)Cinza Claro/R7035,2,,
ENC-A-2252979,900000004,MUNICÍPIO DE AVIS,FC - Estirador (HB01) 90x70x85-100cm - (Cm)Cinza Claro/R7035,24,,
ENC-A-2252979,900000004,MUNICÍPIO DE AVIS,FC - Mesa Dupla 120x60x59cm (TE.N) - T166/R7035,20,,
ENC-A-2252979,A10Q3FC060S1985A,MUNICÍPIO DE AVIS,Mesa Múltipla 120x80x76cm (TE) - (Cm)Cinza Claro/R7035,20,,
ENC-A-2260082,900000004,EDUCHIADO LDA,"FC-EINB New Basic Móvel Monitor AP10 Premium 86""Promethean-(Me)CinzaClaro/R9005",8,,
ENC-A-2260082,900000002,EDUCHIADO LDA,FC - Computador OPS4-NP8R256S-WIN Promethean,8,,
ENC-A-2260082,A10SMARTE001T14A,EDUCHIADO LDA,Mesa Multifuncional Sem Ecrã 208x90x132cm - (Me)Areia/R7035,2,,
ENC-A-2260114,A10ERS4R06S0X20B,"BMWT - CONSULTORIA E SERVIÇOS INFORMÁTICOS, LDA.",Cadeira ERGOS SHELL 4 Pernas c/Rodas 51x54x46cm - (P)623/R7037,1,,
ENC-A-2260114,A12NS0115000689A,"BMWT - CONSULTORIA E SERVIÇOS INFORMÁTICOS, LDA.","EINB New Basic Móvel Monitor AP10 75"" Promethean - (Me)Branco/R9005",4,,
ENC-G-2117,900000004,MUNICÍPIO DE TORRES VEDRAS,PI-Régua p/Banco Corrido 1200x145x20mm [P13-153-02]- Faia c/furação e acessorios,12,,
ENC-A-2253404,A10ERSPCR0S0497B,SAGAH INVESTMENTS,Cadeira ERGOS SHELL Pé Central c/Repousa Pés 63x63x65-89cm - (P)427,1,,
ENC-A-2253404,A10ERSP00000575A,SAGAH INVESTMENTS,Cadeira Alta ERGOS SHELL 4 Pernas 49x49x65cm - (P)427/R9005,24,,
ENC-A-2253401,A10ERSPCR0S0217B,SAGAH INVESTMENTS,Cadeira ERGOS SHELL Pé Central c/Repousa Pés 63x63x65-89cm - (P)432,1,,
ENC-A-2253401,A10ERETROSS0115A,SAGAH INVESTMENTS,Trolley ERGOS Simples 38x39x89cm - R7021,6,,
ENC-A-2253404,A10ERETROSS0222A,SAGAH INVESTMENTS,Trolley ERGOS Simples 38x39x89cm - R7035,6,,
ENC-A-2260082,A10Q3BR300S0598A,EDUCHIADO LDA,Bloco 3 Gavetas 43x53x57cm - (Me)Cinza Claro/R7035,3,,
ENC-A-2253401,900000004,SAGAH INVESTMENTS,FC - Bancada Professor 2400x750x900mm - (Fe)Branco/R7021,1,,
ENC-A-2253401,900000004,SAGAH INVESTMENTS,FC - Bancada Trilab - (Fe)Branco / R7021,6,,
ENC-A-2253403,A10ERSPCR0S0Q48B,SAGAH INVESTMENTS,ERGOS SHELL Spin High and Foot Rest 63x63x65-89cm - (P)406,1,,
ENC-A-2253403,A10ERSP00000V22A,SAGAH INVESTMENTS,Cadeira Alta ERGOS SHELL 4 Pernas 49x49x65cm - (P)406/R9005,24,,
ENC-A-2253403,900000004,SAGAH INVESTMENTS,FC - Bancada Professor 240x75x90cm c/ estrutura metálica C - (Fe)Branco/R7044,1,,
ENC-A-2253403,900000004,SAGAH INVESTMENTS,FC - Banca Trilab - (Fe) Branco / R7044,6,,
ENC-A-2253404,900000004,SAGAH INVESTMENTS,FC - Bancada Professor 2400x750x900mm - (Fe)Branco/R9016,1,,
ENC-A-2253404,900000004,SAGAH INVESTMENTS,FC - Bancada Trilab - (Fe)Preto / R7035,6,,
ENC-A-2252611,A10CBCL000S0278A,MUNICIPIO DA TROFA,Canto de ligação 35 x 37 x 60cm - FFaia/MDF,10,,
ENC-A-2252611,A10CBBL000S0181A,MUNICIPIO DA TROFA,Banca Lava Loiça 48x39x60cm - FFaia,10,,
ENC-A-2253253,A10Q3HB010S0021A,AGRUPAMENTO DE ESCOLAS DE TEIXOSO,Estirador 90x70x85-100cm - T166/R7035,21,,
ENC-A-2252611,A10CBFR000S0278A,MUNICIPIO DA TROFA,Frigorífico 48x39x60cm - MDF,10,,
ENC-A-2252611,A10CBLO000S0181A,MUNICIPIO DA TROFA,Louceiro 50x37.5x100cm - FFaia,10,,
ENC-A-2252979,A10Q3FC04016985A,MUNICÍPIO DE AVIS,Mesa Múltipla 120x80x64cm (TE) - (Cm)Cinza Claro/R7035,8,,
ENC-A-2252611,A10CBTF000S0278A,MUNICIPIO DA TROFA,Tábua Passar Ferro 65x17x52cm - MDF,10,,
ENC-A-2252611,A10CBCO000S0278A,MUNICIPIO DA TROFA,Cómoda 80x30x60cm MDF,10,,
ENC-A-2252611,A10CBEP000S0282A,MUNICIPIO DA TROFA,Espelho 40x2x50cm (AcrÍlico),10,,
ENC-A-2252611,A10CBMC000S0278A,MUNICIPIO DA TROFA,Mesinha Cabeceira 34x29.5x40cm - FFaia/MDF,10,,
ENC-A-2252611,A10CBRO000S0181A,MUNICIPIO DA TROFA,"Roupeiro 50 x 37,5 x 85cm - FFaia",10,,
ENC-A-2252979,A10Q3FC060S1985A,MUNICÍPIO DE AVIS,Mesa Múltipla 120x80x76cm (TE) - (Cm)Cinza Claro/R7035,6,,
ENC-A-2252611,A10CBCM00000181A,MUNICIPIO DA TROFA,Cama 60x100x42cm- FFaia,10,,
ENC-A-2252611,A10CBEH000S0278A,MUNICIPIO DA TROFA,Estante c/Prateleiras Horizontal 80x35x100cm - Faia,10,,
ENC-A-2252611,A10CBEI000S0181A,MUNICIPIO DA TROFA,Estante c/Prateleiras Inclinadas 80x35x100cm - FFaia,10,,
ENC-A-2252611,A10CBEF000S0278A,MUNICIPIO DA TROFA,Estante com suporte para folhas 80x35x100cm - FFaia/MDF,10,,
ENC-A-2252611,A10CBCA000S0632A,MUNICIPIO DA TROFA,Contentor Álbuns 50x50x40cm - Branco,10,,
ENC-A-2253254,A10Q3HB010S0021A,AGRUPAMENTO DE ESCOLAS DE TEIXOSO,Estirador 90x70x85-100cm - T166/R7035,1,,
ENC-A-2260153,A14OPNEPWTS0222A,ESISTEMAS-CONSULT. SISTEMAS COMUN.VISUAL,Estação Carregamento ONE Powerstation 45x45x85cm - (Cm)Cinza Claro/R7035,58,,
ENC-A-2252611,A10CBME000S0278A,MUNICIPIO DA TROFA,Mesa 60x60x54cm - FFaia/MDF,10,,
ENC-A-2253389,A10ERSP00000T65A,SAGAH INVESTMENTS,Cadeira Alta ERGOS SHELL 4 Pernas 49x49x65cm - (P)2169C/R7035,26,,
ENC-A-2253434,A10ERSP00000T64A,SAGAH INVESTMENTS,Cadeira Alta ERGOS SHELL 4 Pernas 49x49x65cm - (P)623/R7035,26,,
ENC-A-2253014,A10Q3AI05001670A,MUNICÍPIO DE ALCANENA,Banco Corrido 200x40x44cm - (Fe)Cinza Claro/R7035 (NÃO PRODUZIR/ FATURAR),40,,
ENC-A-2253014,A10Q3AI05001670A,MUNICÍPIO DE ALCANENA,Banco Corrido 200x40x44cm - (Fe)Cinza Claro/R7035 (PRODUZIR/ NÃO FAT),24,,
ENC-A-2253389,A10ERSPCR0S0R24B,SAGAH INVESTMENTS,Cadeira ERGOS SHELL Pé Central c/Repousa Pés 63x63x65-89cm - (P)2169C,1,,
ENC-A-2253434,A10ERSPCR0S0Q47B,SAGAH INVESTMENTS,Cadeira ERGOS SHELL Pé Central c/Repousa Pés 63x63x65-89cm - (P)623,1,,
ENC-A-2253388,A10ERGOS06S0R22A,ASS. PROMOTORA ENSINO PROF. DA COVA DA BEIRA,Cadeira ERGOS 06 - 50x50x46cm - (P)411,24,,
ENC-A-2253388,A10ERGOS06S0R22A,ASS. PROMOTORA ENSINO PROF. DA COVA DA BEIRA,Cadeira ERGOS 06 - 50x50x46cm - (P)411,24,,
ENC-A-2253388,A10ERGOS06S0R22A,ASS. PROMOTORA ENSINO PROF. DA COVA DA BEIRA,Cadeira ERGOS 06 - 50x50x46cm - (P)411,24,,
ENC-A-2253388,A10BLQ0600S0L38A,ASS. PROMOTORA ENSINO PROF. DA COVA DA BEIRA,Puff Quadrado 45x45x45cm - (Ps)Furacão_8006,4,,
ENC-A-2253388,A10BLQ0600S0L38A,ASS. PROMOTORA ENSINO PROF. DA COVA DA BEIRA,Puff Quadrado 45x45x45cm - (Ps)Furacão_8006,4,,
ENC-A-2253388,A10BLQ0600S0L38A,ASS. PROMOTORA ENSINO PROF. DA COVA DA BEIRA,Puff Quadrado 45x45x45cm - (Ps)Furacão_8006,4,,
ENC-A-2253398,A10BLQ0600S0L38A,ASS. PROMOTORA ENSINO PROF. DA COVA DA BEIRA,Puff Quadrado 45x45x45cm - (Ps)Furacão_8006,4,,
ENC-A-2253398,A10BLQ0600S0L38A,ASS. PROMOTORA ENSINO PROF. DA COVA DA BEIRA,Puff Quadrado 45x45x45cm - (Ps)Furacão_8006,4,,
ENC-A-2253388,A10ERSPCR0S0R22B,ASS. PROMOTORA ENSINO PROF. DA COVA DA BEIRA,Cadeira ERGOS SHELL Pé Central c/Repousa Pés 63x63x65-89cm - (P)411,1,,
ENC-A-2253388,A10ERSPCR0S0R22B,ASS. PROMOTORA ENSINO PROF. DA COVA DA BEIRA,Cadeira ERGOS SHELL Pé Central c/Repousa Pés 63x63x65-89cm - (P)411,1,,
ENC-A-2253388,A10ERSPCR0S0R22B,ASS. PROMOTORA ENSINO PROF. DA COVA DA BEIRA,Cadeira ERGOS SHELL Pé Central c/Repousa Pés 63x63x65-89cm - (P)411,1,,
ENC-A-2253388,A10ERSPCR0S0R22B,ASS. PROMOTORA ENSINO PROF. DA COVA DA BEIRA,Cadeira ERGOS SHELL Pé Central c/Repousa Pés 63x63x65-89cm - (P)411,1,,
ENC-A-2253388,A10DKURDF6S0L33A,ASS. PROMOTORA ENSINO PROF. DA COVA DA BEIRA,Mesa Retangular Dupla DESK 21 120x65x76cm - (Cm)Branco/R7021,6,,
ENC-A-2253388,A10DKURDF6S0L33A,ASS. PROMOTORA ENSINO PROF. DA COVA DA BEIRA,Mesa Retangular Dupla DESK 21 120x65x76cm - (Cm)Branco/R7021,6,,
ENC-A-2253388,A10DKURDF6S0L33A,ASS. PROMOTORA ENSINO PROF. DA COVA DA BEIRA,Mesa Retangular Dupla DESK 21 120x65x76cm - (Cm)Branco/R7021,6,,
ENC-A-2253388,900000004,ASS. PROMOTORA ENSINO PROF. DA COVA DA BEIRA,FC - Mesa Retangular Dupla DESK 21 (c/Furação 2PC) 120x65x76cm - (Cm)Branco/7021,9,,
ENC-A-2253388,900000004,ASS. PROMOTORA ENSINO PROF. DA COVA DA BEIRA,FC - Mesa Retangular Dupla DESK 21 (c/Furação 2PC) 120x65x76cm - (Cm)Branco/7021,9,,
ENC-A-2253388,900000004,ASS. PROMOTORA ENSINO PROF. DA COVA DA BEIRA,FC - Mesa Retangular Dupla DESK 21 (c/Furação 2PC) 120x65x76cm - (Cm)Branco/7021,9,,
ENC-A-2253388,900000004,ASS. PROMOTORA ENSINO PROF. DA COVA DA BEIRA,FC - Mesa Retangular Dupla DESK 21 (c/Furação 2PC) 120x65x76cm - (Cm)Branco/7021,4,,
ENC-A-2253398,900000004,ASS. PROMOTORA ENSINO PROF. DA COVA DA BEIRA,FC - Mesa Retangular Dupla DESK 21 (c/Furação 2PC) 120x65x76cm - (Cm)Branco/7021,9,,
ENC-A-2253398,900000004,ASS. PROMOTORA ENSINO PROF. DA COVA DA BEIRA,FC - Mesa Retangular Dupla DESK 21 (c/Furação 2PC) 120x65x76cm - (Cm)Branco/7021,9,,
ENC-A-2253398,900000004,ASS. PROMOTORA ENSINO PROF. DA COVA DA BEIRA,FC - Mesa Retangular Dupla DESK 21 (c/Furação 2PC) 120x65x76cm - (Cm)Branco/7021,9,,
ENC-A-2253398,900000004,ASS. PROMOTORA ENSINO PROF. DA COVA DA BEIRA,FC - Mesa Retangular Dupla DESK 21 (c/Furação 2PC) 120x65x76cm - (Cm)Branco/7021,6,,
ENC-A-2253388,I20CE99911700440,ASS. PROMOTORA ENSINO PROF. DA COVA DA BEIRA,PI - Chapa Ceramica Branca L=1175mm 6900x1175mm (PRODUZIR / N FATURAR),1,,
ENC-A-2253388,A10MTMUP80S0U06A,ASS. PROMOTORA ENSINO PROF. DA COVA DA BEIRA,Painel Acústico Mute Losango 88x52x8cm - (Ps)Amêndoa_8025,3,,
ENC-A-2253388,A10MTMUP80S0U06A,ASS. PROMOTORA ENSINO PROF. DA COVA DA BEIRA,Painel Acústico Mute Losango 88x52x8cm - (Ps)Amêndoa_8025,3,,
ENC-A-2253388,A10MTMUP80S0U06A,ASS. PROMOTORA ENSINO PROF. DA COVA DA BEIRA,Painel Acústico Mute Losango 88x52x8cm - (Ps)Amêndoa_8025,3,,
ENC-A-2253388,A10MTMUP80S0U06A,ASS. PROMOTORA ENSINO PROF. DA COVA DA BEIRA,Painel Acústico Mute Losango 88x52x8cm - (Ps)Amêndoa_8025,3,,
ENC-A-2253388,A10MTMUP80S0U06A,ASS. PROMOTORA ENSINO PROF. DA COVA DA BEIRA,Painel Acústico Mute Losango 88x52x8cm - (Ps)Amêndoa_8025,2,,
ENC-A-2253398,A10MTMUP80S0U06A,ASS. PROMOTORA ENSINO PROF. DA COVA DA BEIRA,Painel Acústico Mute Losango 88x52x8cm - (Ps)Amêndoa_8025,3,,
ENC-A-2253398,A10MTMUP80S0U06A,ASS. PROMOTORA ENSINO PROF. DA COVA DA BEIRA,Painel Acústico Mute Losango 88x52x8cm - (Ps)Amêndoa_8025,3,,
ENC-A-2253398,A10MTMUP80S0U06A,ASS. PROMOTORA ENSINO PROF. DA COVA DA BEIRA,Painel Acústico Mute Losango 88x52x8cm - (Ps)Amêndoa_8025,3,,
ENC-A-2253398,A10MTMUP80S0U06A,ASS. PROMOTORA ENSINO PROF. DA COVA DA BEIRA,Painel Acústico Mute Losango 88x52x8cm - (Ps)Amêndoa_8025,3,,
ENC-A-2253398,A10MTMUP80S0U06A,ASS. PROMOTORA ENSINO PROF. DA COVA DA BEIRA,Painel Acústico Mute Losango 88x52x8cm - (Ps)Amêndoa_8025,2,,
ENC-A-2253388,A10MTMUP80S0O01A,ASS. PROMOTORA ENSINO PROF. DA COVA DA BEIRA,Painel Acústico Mute Losango 88x52x8cm - (Ps)Furacão_8006,3,,
ENC-A-2253388,A10MTMUP80S0O01A,ASS. PROMOTORA ENSINO PROF. DA COVA DA BEIRA,Painel Acústico Mute Losango 88x52x8cm - (Ps)Furacão_8006,3,,
ENC-A-2253388,A10MTMUP80S0O01A,ASS. PROMOTORA ENSINO PROF. DA COVA DA BEIRA,Painel Acústico Mute Losango 88x52x8cm - (Ps)Furacão_8006,3,,
ENC-A-2253388,A10MTMUP80S0O01A,ASS. PROMOTORA ENSINO PROF. DA COVA DA BEIRA,Painel Acústico Mute Losango 88x52x8cm - (Ps)Furacão_8006,3,,
ENC-A-2253388,A10MTMUP80S0O01A,ASS. PROMOTORA ENSINO PROF. DA COVA DA BEIRA,Painel Acústico Mute Losango 88x52x8cm - (Ps)Furacão_8006,2,,
ENC-A-2253398,A10MTMUP80S0O01A,ASS. PROMOTORA ENSINO PROF. DA COVA DA BEIRA,Painel Acústico Mute Losango 88x52x8cm - (Ps)Furacão_8006,3,,
ENC-A-2253398,A10MTMUP80S0O01A,ASS. PROMOTORA ENSINO PROF. DA COVA DA BEIRA,Painel Acústico Mute Losango 88x52x8cm - (Ps)Furacão_8006,3,,
ENC-A-2253398,A10MTMUP80S0O01A,ASS. PROMOTORA ENSINO PROF. DA COVA DA BEIRA,Painel Acústico Mute Losango 88x52x8cm - (Ps)Furacão_8006,3,,
ENC-A-2253398,A10MTMUP80S0O01A,ASS. PROMOTORA ENSINO PROF. DA COVA DA BEIRA,Painel Acústico Mute Losango 88x52x8cm - (Ps)Furacão_8006,3,,
ENC-A-2253398,A10MTMUP80S0O01A,ASS. PROMOTORA ENSINO PROF. DA COVA DA BEIRA,Painel Acústico Mute Losango 88x52x8cm - (Ps)Furacão_8006,2,,
ENC-A-2253388,A10MTMUP80S0O03A,ASS. PROMOTORA ENSINO PROF. DA COVA DA BEIRA,Painel Acústico Mute Losango 88x52x8cm - (Ps)Duna_8003,2,,
ENC-A-2253388,A10MTMUP80S0O03A,ASS. PROMOTORA ENSINO PROF. DA COVA DA BEIRA,Painel Acústico Mute Losango 88x52x8cm - (Ps)Duna_8003,2,,
ENC-A-2253388,A10MTMUP80S0O03A,ASS. PROMOTORA ENSINO PROF. DA COVA DA BEIRA,Painel Acústico Mute Losango 88x52x8cm - (Ps)Duna_8003,2,,
ENC-A-2253388,A10MTMUP80S0O03A,ASS. PROMOTORA ENSINO PROF. DA COVA DA BEIRA,Painel Acústico Mute Losango 88x52x8cm - (Ps)Duna_8003,2,,
ENC-A-2253388,A10MTMUP80S0O03A,ASS. PROMOTORA ENSINO PROF. DA COVA DA BEIRA,Painel Acústico Mute Losango 88x52x8cm - (Ps)Duna_8003,2,,
ENC-A-2253398,A10MTMUP80S0O03A,ASS. PROMOTORA ENSINO PROF. DA COVA DA BEIRA,Painel Acústico Mute Losango 88x52x8cm - (Ps)Duna_8003,2,,
ENC-A-2253398,A10MTMUP80S0O03A,ASS. PROMOTORA ENSINO PROF. DA COVA DA BEIRA,Painel Acústico Mute Losango 88x52x8cm - (Ps)Duna_8003,2,,
ENC-A-2253398,A10MTMUP80S0O03A,ASS. PROMOTORA ENSINO PROF. DA COVA DA BEIRA,Painel Acústico Mute Losango 88x52x8cm - (Ps)Duna_8003,2,,
ENC-A-2253398,A10MTMUP80S0O03A,ASS. PROMOTORA ENSINO PROF. DA COVA DA BEIRA,Painel Acústico Mute Losango 88x52x8cm - (Ps)Duna_8003,2,,
ENC-A-2253398,A10MTMUP80S0O03A,ASS. PROMOTORA ENSINO PROF. DA COVA DA BEIRA,Painel Acústico Mute Losango 88x52x8cm - (Ps)Duna_8003,2,,
ENC-A-2253388,A10ERSPC00S0R22B,ASS. PROMOTORA ENSINO PROF. DA COVA DA BEIRA,Cadeira ERGOS SHELL Pé Central 63x63x42-52cm - (P)411,20,,
ENC-A-2253388,A10BLR06G0S0D37A,ASS. PROMOTORA ENSINO PROF. DA COVA DA BEIRA,Puff Retangular 135x45x45cm - (Ps)Kiwi_8013,1,,
ENC-A-2253388,A10BLR06G0S0D37A,ASS. PROMOTORA ENSINO PROF. DA COVA DA BEIRA,Puff Retangular 135x45x45cm - (Ps)Kiwi_8013,1,,
ENC-A-2253388,A10BLR06G0S0D37A,ASS. PROMOTORA ENSINO PROF. DA COVA DA BEIRA,Puff Retangular 135x45x45cm - (Ps)Kiwi_8013,4,,
ENC-A-2253398,A10BLR06G0S0D37A,ASS. PROMOTORA ENSINO PROF. DA COVA DA BEIRA,Puff Retangular 135x45x45cm - (Ps)Kiwi_8013,2,,
ENC-A-2253398,A10BLR06G0S0D37A,ASS. PROMOTORA ENSINO PROF. DA COVA DA BEIRA,Puff Retangular 135x45x45cm - (Ps)Kiwi_8013,2,,
ENC-A-2253388,A10BLR0600S0U06A,ASS. PROMOTORA ENSINO PROF. DA COVA DA BEIRA,Puff Retangular 90x45x45cm - (Ps)Amendoa_8025,2,,
ENC-A-2253388,A10BLR0600S0U06A,ASS. PROMOTORA ENSINO PROF. DA COVA DA BEIRA,Puff Retangular 90x45x45cm - (Ps)Amendoa_8025,2,,
ENC-A-2253388,A10BLR0600S0U06A,ASS. PROMOTORA ENSINO PROF. DA COVA DA BEIRA,Puff Retangular 90x45x45cm - (Ps)Amendoa_8025,2,,
ENC-A-2253398,A10BLR0600S0U06A,ASS. PROMOTORA ENSINO PROF. DA COVA DA BEIRA,Puff Retangular 90x45x45cm - (Ps)Amendoa_8025,2,,
ENC-A-2253398,A10BLR0600S0U06A,ASS. PROMOTORA ENSINO PROF. DA COVA DA BEIRA,Puff Retangular 90x45x45cm - (Ps)Amendoa_8025,4,,
ENC-A-2253388,A10MTMAR00S0W45A,ASS. PROMOTORA ENSINO PROF. DA COVA DA BEIRA,Painel Acústico MUTE c/ Rodas 70x5x160cm - (Ps)Amêndoa_8025/R7035,2,,
ENC-A-2253398,A10MTMAR00S0W45A,ASS. PROMOTORA ENSINO PROF. DA COVA DA BEIRA,Painel Acústico MUTE c/ Rodas 70x5x160cm - (Ps)Amêndoa_8025/R7035,2,,
ENC-A-2253388,A10MTMAR00S0G72A,ASS. PROMOTORA ENSINO PROF. DA COVA DA BEIRA,Painel Acústico Mute (MAR) c/Rodízios 70x5x160cm - (Ps)Furacão_8006/R7035,2,,
ENC-A-2253388,A10MTMAR00S0I35A,ASS. PROMOTORA ENSINO PROF. DA COVA DA BEIRA,Painel Acústico MUTE c/ Rodas 70x5x160cm - (Ps)Kiwi_8013/R7035,1,,
ENC-A-2253398,A10MTMAR00S0I35A,ASS. PROMOTORA ENSINO PROF. DA COVA DA BEIRA,Painel Acústico MUTE c/ Rodas 70x5x160cm - (Ps)Kiwi_8013/R7035,2,,
ENC-A-2253389,900000004,SAGAH INVESTMENTS,FC-Bancada de Lavagem c/Pio+Torneira+Escorredor 150x75x90cm-(Fe)Cinza Claro/7035,2,,
ENC-A-2253434,900000004,SAGAH INVESTMENTS,FC-Bancada de Lavagem c/Pio+Torneira+Escorredor 150x75x90cm-(Fe)Cinza Claro/7035,2,,
ENC-A-2253389,900000004,SAGAH INVESTMENTS,FC-Bancada Professor 240x75x90cm c/Estrutura metálica C - (Fe)Cinza Claro/R7035,1,,
ENC-A-2253434,900000004,SAGAH INVESTMENTS,FC-Bancada Professor 240x75x90cm c/Estrutura metálica C - (Fe)Cinza Claro/R7035,1,,
ENC-A-2253389,A10ERETROSS0222A,SAGAH INVESTMENTS,Trolley ERGOS Simples 38x39x89cm - R7035,1,,
ENC-A-2253434,A10ERETROSS0222A,SAGAH INVESTMENTS,Trolley ERGOS Simples 38x39x89cm - R7035,1,,
ENC-A-2253389,900000004,SAGAH INVESTMENTS,FC-Bancada Inicial 190x130x90cm - (CF)Cinza Claro/R7035,2,,
ENC-A-2253434,900000004,SAGAH INVESTMENTS,FC-Bancada Inicial 190x130x90cm - (CF)Cinza Claro/R7035,2,,
ENC-A-2253389,900000004,SAGAH INVESTMENTS,FC-Bancada Intermédia 190x130x90cm - (CF)Cinza Claro /R7035,2,,
ENC-A-2253434,900000004,SAGAH INVESTMENTS,FC-Bancada Intermédia 190x130x90cm - (CF)Cinza Claro /R7035,2,,
ENC-A-2253389,900000004,SAGAH INVESTMENTS,FC-Bancada Final 130x130x90mm - (CF)Cinza Claro/R7035,2,,
ENC-A-2253434,900000004,SAGAH INVESTMENTS,FC-Bancada Final 130x130x90mm - (CF)Cinza Claro/R7035,2,,
ENC-A-2253389,900000004,SAGAH INVESTMENTS,FC-Bancada 130x75x90mm - (CF) Cinza Claro / R7035,2,,
ENC-A-2253434,900000004,SAGAH INVESTMENTS,FC-Bancada 130x75x90mm - (CF) Cinza Claro / R7035,2,,
ENC-A-2253398,A10ERSPC00S0596B,ASS. PROMOTORA ENSINO PROF. DA COVA DA BEIRA,Cadeira ERGOS SHELL Pé Central 63x63x42-52cm - (P)623,24,,
ENC-A-2253398,A19ZZ0000611000B,ASS. PROMOTORA ENSINO PROF. DA COVA DA BEIRA,Chapa Ceramica Branca L=1175mm - 3000x1175mm (FORNECER - NÃO FATURAR),1,,
ENC-A-2253398,A19ZZ0000611000A,ASS. PROMOTORA ENSINO PROF. DA COVA DA BEIRA,Chapa Ceramica Branca L=1175mm - 4000x1175mm - (FORNECER - NÃO FATURAR),1,,
ENC-A-2253401,A10ERS4008S0Z12A,SAGAH INVESTMENTS,Cadeira Alta ERGOS SHELL 4 Pernas 49x49x65cm - (P)432/R9005,24,,
ENC-A-2253403,A10ERETROSS0Z00A,SAGAH INVESTMENTS,Trolley ERGOS Simples 38x39x89cm - R7044,6,,
ENC-A-2260196,A10PREP00520598A,MUNICÍPIO DA BATALHA,"Secretária Pés em ""T"" 160x80x75cm (AL88+CAC) - (Me)CinzaClaro/R7035",1,,
ENC-A-2260196,A10PREP00520598A,MUNICÍPIO DA BATALHA,"Secretária Pés em ""T"" 160x80x75cm (AL88+CAC) - (Me)CinzaClaro/R7035",1,,
ENC-A-2260196,A10Q3LA050S0222A,MUNICÍPIO DA BATALHA,Armário Arquivo Gavetas 50.5x61.5x132cm - R7035,1,,
ENC-A-2260196,A10Q3LA050S0222A,MUNICÍPIO DA BATALHA,Armário Arquivo Gavetas 50.5x61.5x132cm - R7035,1,,
ENC-A-2260196,A10Q3LF02PS0222B,MUNICÍPIO DA BATALHA,Armário Vestiário Triplo c/Pés 92.8x50.2x195cm - R7035,3,,
ENC-A-2260196,A10Q3FE01004985A,MUNICÍPIO DA BATALHA,Mesa Circular Ø120x46cm - (Cm)CinzaClaro/R7035,6,,
ENC-A-2260196,A10Q3FE02003985A,MUNICÍPIO DA BATALHA,Mesa Circular Ø120x53cm - (Cm)CinzaClaro/R7035,6,,
ENC-A-2260196,A19ZZ0001000CO8A,MUNICÍPIO DA BATALHA,Banca Muda-Fraldas c/10 Gavetas 90x60x90cm - (Me)Bétula,2,,
ENC-A-2260196,A19AR0000871CO8A,MUNICÍPIO DA BATALHA,Armário 6xCacifos 100x43.5x85cm - (Me)Bétula,6,,
ENC-A-2260196,A19AR0000712222A,MUNICÍPIO DA BATALHA,Armário Aberto c/Pegas + 12xT1 + 3xT2 - 102x43x98.5cm - R7035,2,,
ENC-O-1366,900000004,RECTORADO DE LA UNIVERSIDAD DE ZARAGOZA,FC - Mesa Aula (Perna 50x50) 150x50x73cm c/Niveladores - T166/R7035,1,,
ENC-O-1366,900000004,RECTORADO DE LA UNIVERSIDAD DE ZARAGOZA,FC-Mesa c/PF+2G_Fixo+CH (Perna50x50)160x80x74cm c/Nivelador-(Me)Cinza Claro/7035,1,,
ENC-O-1366,900000004,RECTORADO DE LA UNIVERSIDAD DE ZARAGOZA,FC-Secretária c/PF+CH (Perna 50x50)180x80x74cm c/Nivelador- (Me)Cinza Claro/7035,1,,